PWSID,SAMP_DATE,SAMP_TIME,LAB_NUM,ANADATE,INDATE,METHOD,INBY,SPECIAL,STORE_NUM,XMOD,FINDING,CHEMICAL,AKA1,AKA2,CLS,RPT_CDE,RPT_UNIT,MCL,NL,TRIGGER_AM,DLR,PHG,RPHL,CHEM_SORT,Water System Name,Principal County Served,Federal Water System Type -CODE,Federal Water System Type,State Water System Type -CODE,State Water System Type,Water System Status -CODE,Water System Status,Owner Type -CODE,Owner Type,Primary Water Source Type -CODE,Primary Water Source Type,Residential Population,Non Transient Population,Transient Population,Total Population,Number of Service Connections Agricultural,Number of COMBINED Service Connections (CB),Number of Commercial (CM) Service Connections,Numer of Institutional Service Conections,Number of Residential Service Connections,Total Number of Service Connections,Fee Code,Fee Code Description,Date of Sanitary Survey visit (SNSV Visit Date),CITY,Treatment Plant Class-CODE,Treatment Plant Class,Distribution System Class-CODE,Distribution System Class
103040,2013-08-21,1442,1675,2013-08-21,2013-09-09,NA,A,S,71850,NA,15,NITRATE (AS NO3),NA,NA,T,NI,MG/L,45,0,23,2,45,45,NITRATE (AS NO3),NORRIS CANYON PROPERTY OWNERS ASSN,ALAMEDA,C,Community,C,Community,A,ACTIVE,P,Private,GW,Groundwater,50,NA,NA,50,NA,19,NA,NA,NA,19,SC,Small Community,12/12/2017,CASTRO VALLEY,NA,#N/A,D1,Distribution Operator Level 1
103040,2014-08-04,1238,1644,2014-08-04,2014-08-26,NA,A,S,71850,NA,14,NITRATE (AS NO3),NA,NA,T,NI,MG/L,45,0,23,2,45,45,NITRATE (AS NO3),NORRIS CANYON PROPERTY OWNERS ASSN,ALAMEDA,C,Community,C,Community,A,ACTIVE,P,Private,GW,Groundwater,50,NA,NA,50,NA,19,NA,NA,NA,19,SC,Small Community,12/12/2017,CASTRO VALLEY,NA,#N/A,D1,Distribution Operator Level 1
103040,2015-07-15,1306,1675,2015-07-15,2015-08-06,NA,A,S,71850,NA,14,NITRATE (AS NO3),NA,NA,T,NI,MG/L,45,0,23,2,45,45,NITRATE (AS NO3),NORRIS CANYON PROPERTY OWNERS ASSN,ALAMEDA,C,Community,C,Community,A,ACTIVE,P,Private,GW,Groundwater,50,NA,NA,50,NA,19,NA,NA,NA,19,SC,Small Community,12/12/2017,CASTRO VALLEY,NA,#N/A,D1,Distribution Operator Level 1
103040,2015-07-15,1307,1644,2015-07-18,2015-07-27,NA,A,S,01032,<,1,"CHROMIUM, HEXAVALENT",CHROMIUM VI,CHROMIUM 6,T,IO,UG/L,0,0,10,1,0,0,"CHROMIUM, HEXAVALENT",NORRIS CANYON PROPERTY OWNERS ASSN,ALAMEDA,C,Community,C,Community,A,ACTIVE,P,Private,GW,Groundwater,50,NA,NA,50,NA,19,NA,NA,NA,19,SC,Small Community,12/12/2017,CASTRO VALLEY,NA,#N/A,D1,Distribution Operator Level 1
103040,2016-07-12,1315,1675,2016-07-12,2016-07-22,E300.0,A,S,00618,NA,3.7,NITRATE (AS N),NA,NA,T,NI,MG/L,10,0,5,0.4,10,10,NITRATE (AS N),NORRIS CANYON PROPERTY OWNERS ASSN,ALAMEDA,C,Community,C,Community,A,ACTIVE,P,Private,GW,Groundwater,50,NA,NA,50,NA,19,NA,NA,NA,19,SC,Small Community,12/12/2017,CASTRO VALLEY,NA,#N/A,D1,Distribution Operator Level 1
103040,2016-08-15,1235,2416,2016-08-21,2016-09-02,E552.2,A,S,77288,NA,0,DICHLOROACETIC ACID (DCAA),DCAA,NA,DB,DBP,UG/L,0,0,0,1,0,0,DICHLOROACETIC ACID (DCAA),NORRIS CANYON PROPERTY OWNERS ASSN,ALAMEDA,C,Community,C,Community,A,ACTIVE,P,Private,GW,Groundwater,50,NA,NA,50,NA,19,NA,NA,NA,19,SC,Small Community,12/12/2017,CASTRO VALLEY,NA,#N/A,D1,Distribution Operator Level 1
103040,2016-08-15,1235,2416,2016-08-21,2016-09-02,E552.2,A,S,82721,NA,2.11,DIBROMOACETIC ACID (DBAA),DBAA,NA,DB,DBP,UG/L,0,0,0,1,0,0,DIBROMOACETIC ACID (DBAA),NORRIS CANYON PROPERTY OWNERS ASSN,ALAMEDA,C,Community,C,Community,A,ACTIVE,P,Private,GW,Groundwater,50,NA,NA,50,NA,19,NA,NA,NA,19,SC,Small Community,12/12/2017,CASTRO VALLEY,NA,#N/A,D1,Distribution Operator Level 1
103040,2016-08-15,1235,2416,2016-08-21,2016-09-02,E552.2,A,S,82723,NA,0,TRICHLOROACETIC ACID (TCAA),TCAA,NA,DB,DBP,UG/L,0,0,0,1,0,0,TRICHLOROACETIC ACID (TCAA),NORRIS CANYON PROPERTY OWNERS ASSN,ALAMEDA,C,Community,C,Community,A,ACTIVE,P,Private,GW,Groundwater,50,NA,NA,50,NA,19,NA,NA,NA,19,SC,Small Community,12/12/2017,CASTRO VALLEY,NA,#N/A,D1,Distribution Operator Level 1
103040,2016-08-15,1235,2416,2016-08-21,2016-09-02,E552.2,A,S,A-041,NA,0,MONOBROMOACETIC ACID (MBAA),MBAA,NA,DB,DBP,UG/L,0,0,0,1,0,0,MONOBROMOACETIC ACID (MBAA),NORRIS CANYON PROPERTY OWNERS ASSN,ALAMEDA,C,Community,C,Community,A,ACTIVE,P,Private,GW,Groundwater,50,NA,NA,50,NA,19,NA,NA,NA,19,SC,Small Community,12/12/2017,CASTRO VALLEY,NA,#N/A,D1,Distribution Operator Level 1
103040,2016-08-15,1235,2416,2016-08-21,2016-09-02,E552.2,A,S,A-042,NA,0,MONOCHLOROACETIC ACID (MCAA),MCAA,NA,DB,DBP,UG/L,0,0,0,2,0,0,MONOCHLOROACETIC ACID (MCAA),NORRIS CANYON PROPERTY OWNERS ASSN,ALAMEDA,C,Community,C,Community,A,ACTIVE,P,Private,GW,Groundwater,50,NA,NA,50,NA,19,NA,NA,NA,19,SC,Small Community,12/12/2017,CASTRO VALLEY,NA,#N/A,D1,Distribution Operator Level 1
103040,2016-08-15,1235,2416,2016-08-21,2016-09-02,E552.2,A,S,A-049,NA,2.11,HALOACETIC ACIDS (5) (HAA5),NA,NA,DB,DBP,UG/L,60,0,60,0,0,0,HALOACETIC ACIDS (5) (HAA5),NORRIS CANYON PROPERTY OWNERS ASSN,ALAMEDA,C,Community,C,Community,A,ACTIVE,P,Private,GW,Groundwater,50,NA,NA,50,NA,19,NA,NA,NA,19,SC,Small Community,12/12/2017,CASTRO VALLEY,NA,#N/A,D1,Distribution Operator Level 1
103040,2016-08-15,1237,2416,2016-08-21,2016-09-02,E524.2,A,S,32101,NA,0.67,BROMODICHLOROMETHANE (THM),DICHLOROBROMOMETHANE,NA,DB,DBP,UG/L,0,0,0,1,60,0,BROMODICHLORMETHANE (THM),NORRIS CANYON PROPERTY OWNERS ASSN,ALAMEDA,C,Community,C,Community,A,ACTIVE,P,Private,GW,Groundwater,50,NA,NA,50,NA,19,NA,NA,NA,19,SC,Small Community,12/12/2017,CASTRO VALLEY,NA,#N/A,D1,Distribution Operator Level 1
103040,2016-08-15,1237,2416,2016-08-21,2016-09-02,E524.2,A,S,32104,NA,2.29,BROMOFORM (THM),BROMOFORM,NA,DB,DBP,UG/L,0,0,0,1,500,0,BROMOFORM (THM),NORRIS CANYON PROPERTY OWNERS ASSN,ALAMEDA,C,Community,C,Community,A,ACTIVE,P,Private,GW,Groundwater,50,NA,NA,50,NA,19,NA,NA,NA,19,SC,Small Community,12/12/2017,CASTRO VALLEY,NA,#N/A,D1,Distribution Operator Level 1
103040,2016-08-15,1237,2416,2016-08-21,2016-09-02,E524.2,A,S,32105,NA,1.65,DIBROMOCHLOROMETHANE (THM),CHLORODIBROMOMETHANE,NA,DB,DBP,UG/L,0,0,0,1,100,0,DIBROMOCHLOROMETHANE (THM),NORRIS CANYON PROPERTY OWNERS ASSN,ALAMEDA,C,Community,C,Community,A,ACTIVE,P,Private,GW,Groundwater,50,NA,NA,50,NA,19,NA,NA,NA,19,SC,Small Community,12/12/2017,CASTRO VALLEY,NA,#N/A,D1,Distribution Operator Level 1
103040,2016-08-15,1237,2416,2016-08-21,2016-09-02,E524.2,A,S,32106,NA,0,CHLOROFORM (THM),TRICHLOROMETHANE,CHLOROFORM,DB,DBP,UG/L,0,0,0,1,400,0,CHLOROFORM (THM),NORRIS CANYON PROPERTY OWNERS ASSN,ALAMEDA,C,Community,C,Community,A,ACTIVE,P,Private,GW,Groundwater,50,NA,NA,50,NA,19,NA,NA,NA,19,SC,Small Community,12/12/2017,CASTRO VALLEY,NA,#N/A,D1,Distribution Operator Level 1
103040,2016-08-15,1237,2416,2016-08-21,2016-09-02,E524.2,A,S,82080,NA,4.61,TOTAL TRIHALOMETHANES,TTHM,THMS,DB,DBP,UG/L,80,0,80,0,0,0,TOTAL TRIHALOMETHANES,NORRIS CANYON PROPERTY OWNERS ASSN,ALAMEDA,C,Community,C,Community,A,ACTIVE,P,Private,GW,Groundwater,50,NA,NA,50,NA,19,NA,NA,NA,19,SC,Small Community,12/12/2017,CASTRO VALLEY,NA,#N/A,D1,Distribution Operator Level 1
103040,2016-08-15,1255,4470,2016-08-24,2016-08-29,900.0,A,S,01501,NA,6.38,GROSS ALPHA,TOTAL ALPHA,NA,R,RA,PCI/L,15,0,5,3,0,0,GROSS ALPHA,NORRIS CANYON PROPERTY OWNERS ASSN,ALAMEDA,C,Community,C,Community,A,ACTIVE,P,Private,GW,Groundwater,50,NA,NA,50,NA,19,NA,NA,NA,19,SC,Small Community,12/12/2017,CASTRO VALLEY,NA,#N/A,D1,Distribution Operator Level 1
103040,2016-08-15,1255,4470,2016-08-24,2016-08-29,900.0,A,S,01502,NA,2.17,GROSS ALPHA COUNTING ERROR,TOTAL ALPHA COUNTING ERROR,NA,R,RA,PCI/L,0,0,0,0,0,0,GROSS ALPHA COUNTING ERROR,NORRIS CANYON PROPERTY OWNERS ASSN,ALAMEDA,C,Community,C,Community,A,ACTIVE,P,Private,GW,Groundwater,50,NA,NA,50,NA,19,NA,NA,NA,19,SC,Small Community,12/12/2017,CASTRO VALLEY,NA,#N/A,D1,Distribution Operator Level 1
103040,2016-08-15,1255,4470,2016-08-24,2016-08-29,904.0,A,S,11501,NA,1.71,RADIUM 228,TOTAL RADIUM 228,NA,R,RA,PCI/L,0,0,0,1,0,0,RADIUM 228,NORRIS CANYON PROPERTY OWNERS ASSN,ALAMEDA,C,Community,C,Community,A,ACTIVE,P,Private,GW,Groundwater,50,NA,NA,50,NA,19,NA,NA,NA,19,SC,Small Community,12/12/2017,CASTRO VALLEY,NA,#N/A,D1,Distribution Operator Level 1
103040,2016-08-15,1255,4470,2016-08-24,2016-08-29,904.0,A,S,11502,NA,0.23,RADIUM 228 COUNTING ERROR,TOT RADIUM 228 COUNTING ERROR,NA,R,RA,PCI/L,0,0,0,0,0,0,RADIUM 228 COUNTING ERROR,NORRIS CANYON PROPERTY OWNERS ASSN,ALAMEDA,C,Community,C,Community,A,ACTIVE,P,Private,GW,Groundwater,50,NA,NA,50,NA,19,NA,NA,NA,19,SC,Small Community,12/12/2017,CASTRO VALLEY,NA,#N/A,D1,Distribution Operator Level 1
103040,2016-08-15,1255,4470,2016-08-24,2016-08-29,908.1,A,S,28012,NA,3.16,URANIUM (PCI/L),NATURAL URANIUM,NA,R,RA,PCI/L,20,0,20,1,0,0,URANIUM (PCI/L),NORRIS CANYON PROPERTY OWNERS ASSN,ALAMEDA,C,Community,C,Community,A,ACTIVE,P,Private,GW,Groundwater,50,NA,NA,50,NA,19,NA,NA,NA,19,SC,Small Community,12/12/2017,CASTRO VALLEY,NA,#N/A,D1,Distribution Operator Level 1
103040,2016-08-15,1255,4470,2016-08-24,2016-08-29,908.1,A,S,A-028,NA,0.91,URANIUM COUNTING ERROR,NATURAL URANIUM COUNTING ERROR,NA,R,RA,PCI/L,0,0,0,0,0,0,URANIUM COUNTING ERROR,NORRIS CANYON PROPERTY OWNERS ASSN,ALAMEDA,C,Community,C,Community,A,ACTIVE,P,Private,GW,Groundwater,50,NA,NA,50,NA,19,NA,NA,NA,19,SC,Small Community,12/12/2017,CASTRO VALLEY,NA,#N/A,D1,Distribution Operator Level 1
103040,2016-08-15,1255,4470,2016-08-24,2016-08-29,900.0,A,S,A-072,NA,1.11,GROSS ALPHA MDA95,NA,NA,R,RA,PCI/L,0,0,0,0,0,0,NA,NORRIS CANYON PROPERTY OWNERS ASSN,ALAMEDA,C,Community,C,Community,A,ACTIVE,P,Private,GW,Groundwater,50,NA,NA,50,NA,19,NA,NA,NA,19,SC,Small Community,12/12/2017,CASTRO VALLEY,NA,#N/A,D1,Distribution Operator Level 1
103040,2016-08-15,1255,4470,2016-08-24,2016-08-29,908.1,A,S,A-073,NA,0.02,URANIUM MDA95,NA,NA,R,RA,PCI/L,0,0,0,0,0,0,NA,NORRIS CANYON PROPERTY OWNERS ASSN,ALAMEDA,C,Community,C,Community,A,ACTIVE,P,Private,GW,Groundwater,50,NA,NA,50,NA,19,NA,NA,NA,19,SC,Small Community,12/12/2017,CASTRO VALLEY,NA,#N/A,D1,Distribution Operator Level 1
103040,2016-08-15,1255,4470,2016-08-24,2016-08-29,904.0,A,S,A-075,NA,0.41,RADIUM 228 MDA95,NA,NA,R,RA,PCI/L,0,0,0,0,0,0,NA,NORRIS CANYON PROPERTY OWNERS ASSN,ALAMEDA,C,Community,C,Community,A,ACTIVE,P,Private,GW,Groundwater,50,NA,NA,50,NA,19,NA,NA,NA,19,SC,Small Community,12/12/2017,CASTRO VALLEY,NA,#N/A,D1,Distribution Operator Level 1
103040,2016-08-15,1255,4470,2016-08-24,2016-08-29,903.0,A,S,A-081,NA,0.45,RA-226 OR TOTAL RA BY 903.0 C.E.,NA,NA,R,RA,PCI/L,0,0,0,0,0,0,RA-226 OR TOTAL RA BY 903.0 C.,NORRIS CANYON PROPERTY OWNERS ASSN,ALAMEDA,C,Community,C,Community,A,ACTIVE,P,Private,GW,Groundwater,50,NA,NA,50,NA,19,NA,NA,NA,19,SC,Small Community,12/12/2017,CASTRO VALLEY,NA,#N/A,D1,Distribution Operator Level 1
103040,2016-08-15,1255,4470,2016-08-24,2016-08-29,903.0,A,S,A-082,NA,0.09,"RADIUM, TOTAL, MDA95-NTNC ONLY, BY 903.0",NA,NA,R,RA,PCI/L,0,0,0,0,0,0,"RADIUM, TOTAL, MDA95-NTNC ONLY",NORRIS CANYON PROPERTY OWNERS ASSN,ALAMEDA,C,Community,C,Community,A,ACTIVE,P,Private,GW,Groundwater,50,NA,NA,50,NA,19,NA,NA,NA,19,SC,Small Community,12/12/2017,CASTRO VALLEY,NA,#N/A,D1,Distribution Operator Level 1
103040,2017-07-11,1246,2416,2017-07-15,2017-07-21,E524.2,A,S,32101,NA,0,BROMODICHLOROMETHANE (THM),DICHLOROBROMOMETHANE,NA,DB,DBP,UG/L,0,0,0,1,60,0,BROMODICHLORMETHANE (THM),NORRIS CANYON PROPERTY OWNERS ASSN,ALAMEDA,C,Community,C,Community,A,ACTIVE,P,Private,GW,Groundwater,50,NA,NA,50,NA,19,NA,NA,NA,19,SC,Small Community,12/12/2017,CASTRO VALLEY,NA,#N/A,D1,Distribution Operator Level 1
103040,2017-07-11,1246,2416,2017-07-15,2017-07-21,E524.2,A,S,32102,NA,0,CARBON TETRACHLORIDE,NA,NA,P,S1,UG/L,0.5,0,0.5,0.5,0,0,CARBON TETRACHLORIDE,NORRIS CANYON PROPERTY OWNERS ASSN,ALAMEDA,C,Community,C,Community,A,ACTIVE,P,Private,GW,Groundwater,50,NA,NA,50,NA,19,NA,NA,NA,19,SC,Small Community,12/12/2017,CASTRO VALLEY,NA,#N/A,D1,Distribution Operator Level 1
103040,2017-07-11,1246,2416,2017-07-15,2017-07-21,E524.2,A,S,32104,NA,1.21,BROMOFORM (THM),BROMOFORM,NA,DB,DBP,UG/L,0,0,0,1,500,0,BROMOFORM (THM),NORRIS CANYON PROPERTY OWNERS ASSN,ALAMEDA,C,Community,C,Community,A,ACTIVE,P,Private,GW,Groundwater,50,NA,NA,50,NA,19,NA,NA,NA,19,SC,Small Community,12/12/2017,CASTRO VALLEY,NA,#N/A,D1,Distribution Operator Level 1
103040,2017-07-11,1246,2416,2017-07-15,2017-07-21,E524.2,A,S,32105,NA,0,DIBROMOCHLOROMETHANE (THM),CHLORODIBROMOMETHANE,NA,DB,DBP,UG/L,0,0,0,1,100,0,DIBROMOCHLOROMETHANE (THM),NORRIS CANYON PROPERTY OWNERS ASSN,ALAMEDA,C,Community,C,Community,A,ACTIVE,P,Private,GW,Groundwater,50,NA,NA,50,NA,19,NA,NA,NA,19,SC,Small Community,12/12/2017,CASTRO VALLEY,NA,#N/A,D1,Distribution Operator Level 1
103040,2017-07-11,1246,2416,2017-07-15,2017-07-21,E524.2,A,S,32106,NA,0,CHLOROFORM (THM),TRICHLOROMETHANE,CHLOROFORM,DB,DBP,UG/L,0,0,0,1,400,0,CHLOROFORM (THM),NORRIS CANYON PROPERTY OWNERS ASSN,ALAMEDA,C,Community,C,Community,A,ACTIVE,P,Private,GW,Groundwater,50,NA,NA,50,NA,19,NA,NA,NA,19,SC,Small Community,12/12/2017,CASTRO VALLEY,NA,#N/A,D1,Distribution Operator Level 1
103040,2017-07-11,1246,2416,2017-07-15,2017-07-21,E524.2,A,S,34010,NA,0,TOLUENE,NA,NA,P,S1,UG/L,150,0,0.5,0.5,0,0,TOLUENE,NORRIS CANYON PROPERTY OWNERS ASSN,ALAMEDA,C,Community,C,Community,A,ACTIVE,P,Private,GW,Groundwater,50,NA,NA,50,NA,19,NA,NA,NA,19,SC,Small Community,12/12/2017,CASTRO VALLEY,NA,#N/A,D1,Distribution Operator Level 1
103040,2017-07-11,1246,2416,2017-07-15,2017-07-21,E524.2,A,S,34030,NA,0,BENZENE,BENZOL,NA,A,S1,UG/L,1,0,0.5,0.5,0,0,BENZENE,NORRIS CANYON PROPERTY OWNERS ASSN,ALAMEDA,C,Community,C,Community,A,ACTIVE,P,Private,GW,Groundwater,50,NA,NA,50,NA,19,NA,NA,NA,19,SC,Small Community,12/12/2017,CASTRO VALLEY,NA,#N/A,D1,Distribution Operator Level 1
103040,2017-07-11,1246,2416,2017-07-15,2017-07-21,E524.2,A,S,34301,NA,0,MONOCHLOROBENZENE,CHLOROBENZENE,NA,P,S1,UG/L,70,0,0.5,0.5,200,30,MONOCHLOROBENZENE,NORRIS CANYON PROPERTY OWNERS ASSN,ALAMEDA,C,Community,C,Community,A,ACTIVE,P,Private,GW,Groundwater,50,NA,NA,50,NA,19,NA,NA,NA,19,SC,Small Community,12/12/2017,CASTRO VALLEY,NA,#N/A,D1,Distribution Operator Level 1
103040,2017-07-11,1246,2416,2017-07-15,2017-07-21,E524.2,A,S,34311,NA,0,CHLOROETHANE,NA,NA,P,UA,UG/L,0,0,0.5,0.5,0,0,CHLOROETHANE,NORRIS CANYON PROPERTY OWNERS ASSN,ALAMEDA,C,Community,C,Community,A,ACTIVE,P,Private,GW,Groundwater,50,NA,NA,50,NA,19,NA,NA,NA,19,SC,Small Community,12/12/2017,CASTRO VALLEY,NA,#N/A,D1,Distribution Operator Level 1
103040,2017-07-11,1246,2416,2017-07-15,2017-07-21,E524.2,A,S,34371,NA,0,ETHYLBENZENE,ETHYL BENZENE,NA,P,S1,UG/L,300,0,0.5,0.5,300,680,ETHYLBENZENE,NORRIS CANYON PROPERTY OWNERS ASSN,ALAMEDA,C,Community,C,Community,A,ACTIVE,P,Private,GW,Groundwater,50,NA,NA,50,NA,19,NA,NA,NA,19,SC,Small Community,12/12/2017,CASTRO VALLEY,NA,#N/A,D1,Distribution Operator Level 1
103040,2017-07-11,1246,2416,2017-07-15,2017-07-21,E524.2,A,S,34391,NA,0,HEXACHLOROBUTADIENE,NA,NA,B,UB,UG/L,0,0,0.5,0.5,0,0,HEXACHLOROBUTADIENE,NORRIS CANYON PROPERTY OWNERS ASSN,ALAMEDA,C,Community,C,Community,A,ACTIVE,P,Private,GW,Groundwater,50,NA,NA,50,NA,19,NA,NA,NA,19,SC,Small Community,12/12/2017,CASTRO VALLEY,NA,#N/A,D1,Distribution Operator Level 1
103040,2017-07-11,1246,2416,2017-07-15,2017-07-21,E524.2,A,S,34413,NA,0,BROMOMETHANE,METHYL BROMIDE,NA,A,UA,UG/L,0,0,0.5,0.5,0,0,BROMOMETHANE,NORRIS CANYON PROPERTY OWNERS ASSN,ALAMEDA,C,Community,C,Community,A,ACTIVE,P,Private,GW,Groundwater,50,NA,NA,50,NA,19,NA,NA,NA,19,SC,Small Community,12/12/2017,CASTRO VALLEY,NA,#N/A,D1,Distribution Operator Level 1
103040,2017-07-11,1246,2416,2017-07-15,2017-07-21,E524.2,A,S,34418,NA,0,CHLOROMETHANE,METHYL CHLORIDE,NA,A,UA,UG/L,0,0,0.5,0.5,0,0,CHLOROMETHANE,NORRIS CANYON PROPERTY OWNERS ASSN,ALAMEDA,C,Community,C,Community,A,ACTIVE,P,Private,GW,Groundwater,50,NA,NA,50,NA,19,NA,NA,NA,19,SC,Small Community,12/12/2017,CASTRO VALLEY,NA,#N/A,D1,Distribution Operator Level 1
103040,2017-07-11,1246,2416,2017-07-15,2017-07-21,E524.2,A,S,34423,NA,0,DICHLOROMETHANE,METHYLENE CHLORIDE,NA,P,S1,UG/L,5,0,0.5,0.5,4,3,DICHLOROMETHANE,NORRIS CANYON PROPERTY OWNERS ASSN,ALAMEDA,C,Community,C,Community,A,ACTIVE,P,Private,GW,Groundwater,50,NA,NA,50,NA,19,NA,NA,NA,19,SC,Small Community,12/12/2017,CASTRO VALLEY,NA,#N/A,D1,Distribution Operator Level 1
103040,2017-07-11,1246,2416,2017-07-15,2017-07-21,E524.2,A,S,34475,NA,0,TETRACHLOROETHYLENE,PCE,NA,P,S1,UG/L,5,0,0.5,0.5,0,1,TETRACHLOROETHYLENE,NORRIS CANYON PROPERTY OWNERS ASSN,ALAMEDA,C,Community,C,Community,A,ACTIVE,P,Private,GW,Groundwater,50,NA,NA,50,NA,19,NA,NA,NA,19,SC,Small Community,12/12/2017,CASTRO VALLEY,NA,#N/A,D1,Distribution Operator Level 1
103040,2017-07-11,1246,2416,2017-07-15,2017-07-21,E524.2,A,S,34488,NA,0,TRICHLOROFLUOROMETHANE,FREON 11,NA,P,S1,UG/L,150,0,5,5,700,150,TRICHLOROFLUOROMETHANE,NORRIS CANYON PROPERTY OWNERS ASSN,ALAMEDA,C,Community,C,Community,A,ACTIVE,P,Private,GW,Groundwater,50,NA,NA,50,NA,19,NA,NA,NA,19,SC,Small Community,12/12/2017,CASTRO VALLEY,NA,#N/A,D1,Distribution Operator Level 1
103040,2017-07-11,1246,2416,2017-07-15,2017-07-21,E524.2,A,S,34496,NA,0,"1,1-DICHLOROETHANE","1,1-DCA",NA,P,S1,UG/L,5,0,0.5,0.5,3,5,"DICHLOROETHANE-1,1",NORRIS CANYON PROPERTY OWNERS ASSN,ALAMEDA,C,Community,C,Community,A,ACTIVE,P,Private,GW,Groundwater,50,NA,NA,50,NA,19,NA,NA,NA,19,SC,Small Community,12/12/2017,CASTRO VALLEY,NA,#N/A,D1,Distribution Operator Level 1
103040,2017-07-11,1246,2416,2017-07-15,2017-07-21,E524.2,A,S,34501,NA,0,"1,1-DICHLOROETHYLENE","1,1-DCE",NA,P,S1,UG/L,6,0,0,0,10,6,"DICHLOROETHYLENE-1,1",NORRIS CANYON PROPERTY OWNERS ASSN,ALAMEDA,C,Community,C,Community,A,ACTIVE,P,Private,GW,Groundwater,50,NA,NA,50,NA,19,NA,NA,NA,19,SC,Small Community,12/12/2017,CASTRO VALLEY,NA,#N/A,D1,Distribution Operator Level 1
103040,2017-07-11,1246,2416,2017-07-15,2017-07-21,E524.2,A,S,34506,NA,0,"1,1,1-TRICHLOROETHANE","1,1,1-TCA",TCA,P,S1,UG/L,200,0,0,0,1000,200,"TRICHLOROETHANE-1,1,1",NORRIS CANYON PROPERTY OWNERS ASSN,ALAMEDA,C,Community,C,Community,A,ACTIVE,P,Private,GW,Groundwater,50,NA,NA,50,NA,19,NA,NA,NA,19,SC,Small Community,12/12/2017,CASTRO VALLEY,NA,#N/A,D1,Distribution Operator Level 1
103040,2017-07-11,1246,2416,2017-07-15,2017-07-21,E524.2,A,S,34511,NA,0,"1,1,2-TRICHLOROETHANE","1,1,2-TCA",NA,P,S1,UG/L,5,0,0,0,0,1,"TRICHLOROETHANE-1,1,2",NORRIS CANYON PROPERTY OWNERS ASSN,ALAMEDA,C,Community,C,Community,A,ACTIVE,P,Private,GW,Groundwater,50,NA,NA,50,NA,19,NA,NA,NA,19,SC,Small Community,12/12/2017,CASTRO VALLEY,NA,#N/A,D1,Distribution Operator Level 1
103040,2017-07-11,1246,2416,2017-07-15,2017-07-21,E524.2,A,S,34516,NA,0,"1,1,2,2-TETRACHLOROETHANE",NA,NA,P,S1,UG/L,1,0,0.5,0.5,0,1,"TETRACHLOROETHANE-1,1,2,2",NORRIS CANYON PROPERTY OWNERS ASSN,ALAMEDA,C,Community,C,Community,A,ACTIVE,P,Private,GW,Groundwater,50,NA,NA,50,NA,19,NA,NA,NA,19,SC,Small Community,12/12/2017,CASTRO VALLEY,NA,#N/A,D1,Distribution Operator Level 1
103040,2017-07-11,1246,2416,2017-07-15,2017-07-21,E524.2,A,S,34531,NA,0,"1,2-DICHLOROETHANE","1,2-DCA",NA,P,S1,UG/L,0,0,0,0,0,0,"DICHLOROETHANE-1,2",NORRIS CANYON PROPERTY OWNERS ASSN,ALAMEDA,C,Community,C,Community,A,ACTIVE,P,Private,GW,Groundwater,50,NA,NA,50,NA,19,NA,NA,NA,19,SC,Small Community,12/12/2017,CASTRO VALLEY,NA,#N/A,D1,Distribution Operator Level 1
103040,2017-07-11,1246,2416,2017-07-15,2017-07-21,E524.2,A,S,34536,NA,0,"1,2-DICHLOROBENZENE",O-DCB,NA,P,S1,UG/L,600,0,0.5,0.5,600,0,DICHLOROBENZENE-1.2,NORRIS CANYON PROPERTY OWNERS ASSN,ALAMEDA,C,Community,C,Community,A,ACTIVE,P,Private,GW,Groundwater,50,NA,NA,50,NA,19,NA,NA,NA,19,SC,Small Community,12/12/2017,CASTRO VALLEY,NA,#N/A,D1,Distribution Operator Level 1
103040,2017-07-11,1246,2416,2017-07-15,2017-07-21,E524.2,A,S,34541,NA,0,"1,2-DICHLOROPROPANE",D-D,NA,A,S1,UG/L,5,0,0.5,0.5,0,5,DICHLOROPROPANE-1.2,NORRIS CANYON PROPERTY OWNERS ASSN,ALAMEDA,C,Community,C,Community,A,ACTIVE,P,Private,GW,Groundwater,50,NA,NA,50,NA,19,NA,NA,NA,19,SC,Small Community,12/12/2017,CASTRO VALLEY,NA,#N/A,D1,Distribution Operator Level 1
103040,2017-07-11,1246,2416,2017-07-15,2017-07-21,E524.2,A,S,34546,NA,0,"TRANS-1,2-DICHLOROETHYLENE",NA,NA,P,S1,UG/L,10,0,0.5,0.5,60,10,"DICHLOROETHYLENE-TRANS-1,2",NORRIS CANYON PROPERTY OWNERS ASSN,ALAMEDA,C,Community,C,Community,A,ACTIVE,P,Private,GW,Groundwater,50,NA,NA,50,NA,19,NA,NA,NA,19,SC,Small Community,12/12/2017,CASTRO VALLEY,NA,#N/A,D1,Distribution Operator Level 1
103040,2017-07-11,1246,2416,2017-07-15,2017-07-21,E524.2,A,S,34551,NA,0,"1,2,4-TRICHLOROBENZENE",NA,NA,B,S1,UG/L,5,0,0.5,0.5,5,0,"TRICHLOROBENZENE-1,2,4",NORRIS CANYON PROPERTY OWNERS ASSN,ALAMEDA,C,Community,C,Community,A,ACTIVE,P,Private,GW,Groundwater,50,NA,NA,50,NA,19,NA,NA,NA,19,SC,Small Community,12/12/2017,CASTRO VALLEY,NA,#N/A,D1,Distribution Operator Level 1
103040,2017-07-11,1246,2416,2017-07-15,2017-07-21,E524.2,A,S,34561,NA,0,"1,3-DICHLOROPROPENE (TOTAL)","TOTAL 1,3-DICHLOROPROPENE",NA,P,S1,UG/L,0.5,0,0.5,0.5,0,0,"DICHLOROPROPENE-1,3 (TOTAL)",NORRIS CANYON PROPERTY OWNERS ASSN,ALAMEDA,C,Community,C,Community,A,ACTIVE,P,Private,GW,Groundwater,50,NA,NA,50,NA,19,NA,NA,NA,19,SC,Small Community,12/12/2017,CASTRO VALLEY,NA,#N/A,D1,Distribution Operator Level 1
103040,2017-07-11,1246,2416,2017-07-15,2017-07-21,E524.2,A,S,34566,NA,0,"1,3-DICHLOROBENZENE",M-DCB,NA,P,UA,UG/L,0,0,600,0.5,0,0,"DICHLOROBENZENE-1,3",NORRIS CANYON PROPERTY OWNERS ASSN,ALAMEDA,C,Community,C,Community,A,ACTIVE,P,Private,GW,Groundwater,50,NA,NA,50,NA,19,NA,NA,NA,19,SC,Small Community,12/12/2017,CASTRO VALLEY,NA,#N/A,D1,Distribution Operator Level 1
103040,2017-07-11,1246,2416,2017-07-15,2017-07-21,E524.2,A,S,34571,NA,0,"1,4-DICHLOROBENZENE",P-DCB,NA,P,S1,UG/L,5,0,0.5,0.5,6,1,"DICHLOROBENZENE-1,4",NORRIS CANYON PROPERTY OWNERS ASSN,ALAMEDA,C,Community,C,Community,A,ACTIVE,P,Private,GW,Groundwater,50,NA,NA,50,NA,19,NA,NA,NA,19,SC,Small Community,12/12/2017,CASTRO VALLEY,NA,#N/A,D1,Distribution Operator Level 1
103040,2017-07-11,1246,2416,2017-07-15,2017-07-21,E524.2,A,S,34668,NA,0,DICHLORODIFLUOROMETHANE (FREON 12),FREON 12,NA,NL,UA,UG/L,0,1000,1000,0.5,0,0,DICHLORODIFLUOROMETHANE,NORRIS CANYON PROPERTY OWNERS ASSN,ALAMEDA,C,Community,C,Community,A,ACTIVE,P,Private,GW,Groundwater,50,NA,NA,50,NA,19,NA,NA,NA,19,SC,Small Community,12/12/2017,CASTRO VALLEY,NA,#N/A,D1,Distribution Operator Level 1
103040,2017-07-11,1246,2416,2017-07-15,2017-07-21,E524.2,A,S,34696,NA,0,NAPHTHALENE,NA,NA,NL,UB,UG/L,0,17,17,0.5,0,0,NAPHTHALENE,NORRIS CANYON PROPERTY OWNERS ASSN,ALAMEDA,C,Community,C,Community,A,ACTIVE,P,Private,GW,Groundwater,50,NA,NA,50,NA,19,NA,NA,NA,19,SC,Small Community,12/12/2017,CASTRO VALLEY,NA,#N/A,D1,Distribution Operator Level 1
103040,2017-07-11,1246,2416,2017-07-15,2017-07-21,E524.2,A,S,39175,NA,0,VINYL CHLORIDE,VC,NA,P,S1,UG/L,0.5,0,0.5,0.5,0,0,VINYL CHLORIDE,NORRIS CANYON PROPERTY OWNERS ASSN,ALAMEDA,C,Community,C,Community,A,ACTIVE,P,Private,GW,Groundwater,50,NA,NA,50,NA,19,NA,NA,NA,19,SC,Small Community,12/12/2017,CASTRO VALLEY,NA,#N/A,D1,Distribution Operator Level 1
103040,2017-07-11,1246,2416,2017-07-15,2017-07-21,E524.2,A,S,39180,NA,0,TRICHLOROETHYLENE,TCE,TRICHLOROETHENE,P,S1,UG/L,5,0,0.5,0.5,1,1,TRICHLOROETHYLENE,NORRIS CANYON PROPERTY OWNERS ASSN,ALAMEDA,C,Community,C,Community,A,ACTIVE,P,Private,GW,Groundwater,50,NA,NA,50,NA,19,NA,NA,NA,19,SC,Small Community,12/12/2017,CASTRO VALLEY,NA,#N/A,D1,Distribution Operator Level 1
103040,2017-07-11,1246,2416,2017-07-15,2017-07-21,E524.2,A,S,46491,NA,0,METHYL-TERT-BUTYL-ETHER (MTBE),MTBE,NA,P,S1,UG/L,13,0,3,3,13,0,METHYL-TERT-BUTYL-ETHER (MTBE),NORRIS CANYON PROPERTY OWNERS ASSN,ALAMEDA,C,Community,C,Community,A,ACTIVE,P,Private,GW,Groundwater,50,NA,NA,50,NA,19,NA,NA,NA,19,SC,Small Community,12/12/2017,CASTRO VALLEY,NA,#N/A,D1,Distribution Operator Level 1
103040,2017-07-11,1246,2416,2017-07-15,2017-07-21,E524.2,A,S,77035,NA,0,TERT-BUTYL ALCOHOL (TBA),2-METHYL-2-PROPANOL,NA,NL,XX,UG/L,0,12,12,2,0,0,TERT-BUTYL ALCOHOL,NORRIS CANYON PROPERTY OWNERS ASSN,ALAMEDA,C,Community,C,Community,A,ACTIVE,P,Private,GW,Groundwater,50,NA,NA,50,NA,19,NA,NA,NA,19,SC,Small Community,12/12/2017,CASTRO VALLEY,NA,#N/A,D1,Distribution Operator Level 1
103040,2017-07-11,1246,2416,2017-07-15,2017-07-21,E524.2,A,S,77041,NA,0,CARBON DISULFIDE,NA,NA,NL,XX,UG/L,0,160,160,0.5,0,0,CARBON DISULFIDE,NORRIS CANYON PROPERTY OWNERS ASSN,ALAMEDA,C,Community,C,Community,A,ACTIVE,P,Private,GW,Groundwater,50,NA,NA,50,NA,19,NA,NA,NA,19,SC,Small Community,12/12/2017,CASTRO VALLEY,NA,#N/A,D1,Distribution Operator Level 1
103040,2017-07-11,1246,2416,2017-07-15,2017-07-21,E524.2,A,S,77093,NA,0,"CIS-1,2-DICHLOROETHYLENE","C-1,2-DCE",NA,P,S1,UG/L,6,0,0.5,0.5,100,6,"CIS-1,2-DICHLOROETHYLENE",NORRIS CANYON PROPERTY OWNERS ASSN,ALAMEDA,C,Community,C,Community,A,ACTIVE,P,Private,GW,Groundwater,50,NA,NA,50,NA,19,NA,NA,NA,19,SC,Small Community,12/12/2017,CASTRO VALLEY,NA,#N/A,D1,Distribution Operator Level 1
103040,2017-07-11,1246,2416,2017-07-15,2017-07-21,E524.2,A,S,77128,NA,0,STYRENE,NA,NA,P,S1,UG/L,100,0,0.5,0.5,0,0,STYRENE,NORRIS CANYON PROPERTY OWNERS ASSN,ALAMEDA,C,Community,C,Community,A,ACTIVE,P,Private,GW,Groundwater,50,NA,NA,50,NA,19,NA,NA,NA,19,SC,Small Community,12/12/2017,CASTRO VALLEY,NA,#N/A,D1,Distribution Operator Level 1
103040,2017-07-11,1246,2416,2017-07-15,2017-07-21,E524.2,A,S,77135,NA,0,O-XYLENE,NA,NA,P,XX,UG/L,0,0,0,0.5,0,1750,O-XYLENE,NORRIS CANYON PROPERTY OWNERS ASSN,ALAMEDA,C,Community,C,Community,A,ACTIVE,P,Private,GW,Groundwater,50,NA,NA,50,NA,19,NA,NA,NA,19,SC,Small Community,12/12/2017,CASTRO VALLEY,NA,#N/A,D1,Distribution Operator Level 1
103040,2017-07-11,1246,2416,2017-07-15,2017-07-21,E524.2,A,S,77168,NA,0,"1,1-DICHLOROPROPENE",NA,NA,P,UA,UG/L,0,0,0.5,0.5,0,0,"DICHLOROPROPENE-1,1",NORRIS CANYON PROPERTY OWNERS ASSN,ALAMEDA,C,Community,C,Community,A,ACTIVE,P,Private,GW,Groundwater,50,NA,NA,50,NA,19,NA,NA,NA,19,SC,Small Community,12/12/2017,CASTRO VALLEY,NA,#N/A,D1,Distribution Operator Level 1
103040,2017-07-11,1246,2416,2017-07-15,2017-07-21,E524.2,A,S,77170,NA,0,"2,2-DICHLOROPROPANE",NA,NA,P,UA,UG/L,0,0,0.5,0.5,0,0,"DICHLOROPROPANE-2,2",NORRIS CANYON PROPERTY OWNERS ASSN,ALAMEDA,C,Community,C,Community,A,ACTIVE,P,Private,GW,Groundwater,50,NA,NA,50,NA,19,NA,NA,NA,19,SC,Small Community,12/12/2017,CASTRO VALLEY,NA,#N/A,D1,Distribution Operator Level 1
103040,2017-07-11,1246,2416,2017-07-15,2017-07-21,E524.2,A,S,77173,NA,0,"1,3-DICHLOROPROPANE",NA,NA,P,UA,UG/L,0,0,0.5,0.5,0,0,"DICHLOROPROPANE-1,3",NORRIS CANYON PROPERTY OWNERS ASSN,ALAMEDA,C,Community,C,Community,A,ACTIVE,P,Private,GW,Groundwater,50,NA,NA,50,NA,19,NA,NA,NA,19,SC,Small Community,12/12/2017,CASTRO VALLEY,NA,#N/A,D1,Distribution Operator Level 1
103040,2017-07-11,1246,2416,2017-07-15,2017-07-21,E524.2,A,S,77222,NA,0,"1,2,4-TRIMETHYLBENZENE",NA,NA,NL,UB,UG/L,0,330,330,0.5,0,0,"TRIMETHYLBENZENE-1,2,4",NORRIS CANYON PROPERTY OWNERS ASSN,ALAMEDA,C,Community,C,Community,A,ACTIVE,P,Private,GW,Groundwater,50,NA,NA,50,NA,19,NA,NA,NA,19,SC,Small Community,12/12/2017,CASTRO VALLEY,NA,#N/A,D1,Distribution Operator Level 1
103040,2017-07-11,1246,2416,2017-07-15,2017-07-21,E524.2,A,S,77223,NA,0,ISOPROPYLBENZENE,NA,NA,NL,UB,UG/L,0,770,770,0.5,0,0,ISOPROPYLBENZENE,NORRIS CANYON PROPERTY OWNERS ASSN,ALAMEDA,C,Community,C,Community,A,ACTIVE,P,Private,GW,Groundwater,50,NA,NA,50,NA,19,NA,NA,NA,19,SC,Small Community,12/12/2017,CASTRO VALLEY,NA,#N/A,D1,Distribution Operator Level 1
103040,2017-07-11,1246,2416,2017-07-15,2017-07-21,E524.2,A,S,77224,NA,0,N-PROPYLBENZENE (1-PHENYLPROPANE),1-PHENYLPROPANE,NA,NL,UB,UG/L,0,260,260,0.5,0,0,PHENYLPROPANE-1 (N-PROPYLBENZE,NORRIS CANYON PROPERTY OWNERS ASSN,ALAMEDA,C,Community,C,Community,A,ACTIVE,P,Private,GW,Groundwater,50,NA,NA,50,NA,19,NA,NA,NA,19,SC,Small Community,12/12/2017,CASTRO VALLEY,NA,#N/A,D1,Distribution Operator Level 1
103040,2017-07-11,1246,2416,2017-07-15,2017-07-21,E524.2,A,S,77226,NA,0,"1,3,5-TRIMETHYLBENZENE",MESITYLENE,NA,NL,UB,UG/L,0,330,330,0.5,0,0,"TRIMETHYLBENZENE-1,3,5",NORRIS CANYON PROPERTY OWNERS ASSN,ALAMEDA,C,Community,C,Community,A,ACTIVE,P,Private,GW,Groundwater,50,NA,NA,50,NA,19,NA,NA,NA,19,SC,Small Community,12/12/2017,CASTRO VALLEY,NA,#N/A,D1,Distribution Operator Level 1
103040,2017-07-11,1246,2416,2017-07-15,2017-07-21,E524.2,A,S,77350,NA,0,SEC-BUTYLBENZENE,NA,NA,NL,UB,UG/L,0,260,0.5,0.5,0,0,SEC-BUTYLBENZENE,NORRIS CANYON PROPERTY OWNERS ASSN,ALAMEDA,C,Community,C,Community,A,ACTIVE,P,Private,GW,Groundwater,50,NA,NA,50,NA,19,NA,NA,NA,19,SC,Small Community,12/12/2017,CASTRO VALLEY,NA,#N/A,D1,Distribution Operator Level 1
103040,2017-07-11,1246,2416,2017-07-15,2017-07-21,E524.2,A,S,77353,NA,0,TERT-BUTYLBENZENE,NA,NA,NL,UB,UG/L,0,260,0.5,0.5,0,0,TERT-BUTYLBENZENE,NORRIS CANYON PROPERTY OWNERS ASSN,ALAMEDA,C,Community,C,Community,A,ACTIVE,P,Private,GW,Groundwater,50,NA,NA,50,NA,19,NA,NA,NA,19,SC,Small Community,12/12/2017,CASTRO VALLEY,NA,#N/A,D1,Distribution Operator Level 1
103040,2017-07-11,1246,2416,2017-07-15,2017-07-21,E524.2,A,S,77562,NA,0,"1,1,1,2-TETRACHLOROETHANE",NA,NA,P,UA,UG/L,0,0,0.5,0.5,0,0,"TETRACHLOROETHANE-1,1,1,2",NORRIS CANYON PROPERTY OWNERS ASSN,ALAMEDA,C,Community,C,Community,A,ACTIVE,P,Private,GW,Groundwater,50,NA,NA,50,NA,19,NA,NA,NA,19,SC,Small Community,12/12/2017,CASTRO VALLEY,NA,#N/A,D1,Distribution Operator Level 1
103040,2017-07-11,1246,2416,2017-07-15,2017-07-21,E524.2,A,S,77596,NA,0,DIBROMOMETHANE,NA,NA,P,UA,UG/L,0,0,0.5,0.5,0,0,DIBROMOMETHANE,NORRIS CANYON PROPERTY OWNERS ASSN,ALAMEDA,C,Community,C,Community,A,ACTIVE,P,Private,GW,Groundwater,50,NA,NA,50,NA,19,NA,NA,NA,19,SC,Small Community,12/12/2017,CASTRO VALLEY,NA,#N/A,D1,Distribution Operator Level 1
103040,2017-07-11,1246,2416,2017-07-15,2017-07-21,E524.2,A,S,77613,NA,0,"1,2,3-TRICHLOROBENZENE",NA,NA,P,UB,UG/L,0,0,0.5,0.5,0,0,"TRICHLOROBENZENE-1,2,3",NORRIS CANYON PROPERTY OWNERS ASSN,ALAMEDA,C,Community,C,Community,A,ACTIVE,P,Private,GW,Groundwater,50,NA,NA,50,NA,19,NA,NA,NA,19,SC,Small Community,12/12/2017,CASTRO VALLEY,NA,#N/A,D1,Distribution Operator Level 1
103040,2017-07-11,1246,2416,2017-07-15,2017-07-21,E524.2,A,S,81551,NA,0,XYLENES (TOTAL),TOTAL XYLENES,NA,P,S1,UG/L,1750,0,1750,0.5,1800,0,XYLENES (TOTAL),NORRIS CANYON PROPERTY OWNERS ASSN,ALAMEDA,C,Community,C,Community,A,ACTIVE,P,Private,GW,Groundwater,50,NA,NA,50,NA,19,NA,NA,NA,19,SC,Small Community,12/12/2017,CASTRO VALLEY,NA,#N/A,D1,Distribution Operator Level 1
103040,2017-07-11,1246,2416,2017-07-15,2017-07-21,E524.2,A,S,81555,NA,0,BROMOBENZENE,NA,NA,P,UA,UG/L,0,0,0.5,0.5,0,0,BROMOBENZENE,NORRIS CANYON PROPERTY OWNERS ASSN,ALAMEDA,C,Community,C,Community,A,ACTIVE,P,Private,GW,Groundwater,50,NA,NA,50,NA,19,NA,NA,NA,19,SC,Small Community,12/12/2017,CASTRO VALLEY,NA,#N/A,D1,Distribution Operator Level 1
103040,2017-07-11,1246,2416,2017-07-15,2017-07-21,E524.2,A,S,81596,NA,0,METHYL ISOBUTYL KETONE,MIBK,NA,NL,XX,UG/L,0,120,120,5,0,0,METHYL ISOBUTYL KETONE,NORRIS CANYON PROPERTY OWNERS ASSN,ALAMEDA,C,Community,C,Community,A,ACTIVE,P,Private,GW,Groundwater,50,NA,NA,50,NA,19,NA,NA,NA,19,SC,Small Community,12/12/2017,CASTRO VALLEY,NA,#N/A,D1,Distribution Operator Level 1
103040,2017-07-11,1246,2416,2017-07-15,2017-07-21,E524.2,A,S,81611,NA,0,"1,1,2-TRICHLORO-1,2,2-TRIFLUOROETHANE",FREON 113,TRICHLOROTRIFLUOROETHANE,P,S1,UG/L,1200,0,10,10,4000,1200,"TRICHLOROTRIFLUOROETHANE-1,1,2",NORRIS CANYON PROPERTY OWNERS ASSN,ALAMEDA,C,Community,C,Community,A,ACTIVE,P,Private,GW,Groundwater,50,NA,NA,50,NA,19,NA,NA,NA,19,SC,Small Community,12/12/2017,CASTRO VALLEY,NA,#N/A,D1,Distribution Operator Level 1
103040,2017-07-11,1246,2416,2017-07-15,2017-07-21,E524.2,A,S,82080,NA,1.21,TOTAL TRIHALOMETHANES,TTHM,THMS,DB,DBP,UG/L,80,0,80,0,0,0,TOTAL TRIHALOMETHANES,NORRIS CANYON PROPERTY OWNERS ASSN,ALAMEDA,C,Community,C,Community,A,ACTIVE,P,Private,GW,Groundwater,50,NA,NA,50,NA,19,NA,NA,NA,19,SC,Small Community,12/12/2017,CASTRO VALLEY,NA,#N/A,D1,Distribution Operator Level 1
103040,2017-07-11,1246,2416,2017-07-15,2017-07-21,E524.2,A,S,A-007,NA,0,"1,1-DICHLOROPROPANE",NA,NA,A,XX,UG/L,0,0,0,0,0,0,"DICHLOROPROPANE-1,1",NORRIS CANYON PROPERTY OWNERS ASSN,ALAMEDA,C,Community,C,Community,A,ACTIVE,P,Private,GW,Groundwater,50,NA,NA,50,NA,19,NA,NA,NA,19,SC,Small Community,12/12/2017,CASTRO VALLEY,NA,#N/A,D1,Distribution Operator Level 1
103040,2017-07-11,1246,2416,2017-07-15,2017-07-21,E524.2,A,S,A-008,NA,0,2-CHLOROTOLUENE,NA,NA,NL,UA,UG/L,0,0.5,140,0.5,0,0,CHLOROTOLUENE-2,NORRIS CANYON PROPERTY OWNERS ASSN,ALAMEDA,C,Community,C,Community,A,ACTIVE,P,Private,GW,Groundwater,50,NA,NA,50,NA,19,NA,NA,NA,19,SC,Small Community,12/12/2017,CASTRO VALLEY,NA,#N/A,D1,Distribution Operator Level 1
103040,2017-07-11,1246,2416,2017-07-15,2017-07-21,E524.2,A,S,A-009,NA,0,4-CHLOROTOLUENE,NA,NA,NL,UA,UG/L,0,0.5,140,0,0,0,CHLOROTOLUENE-4,NORRIS CANYON PROPERTY OWNERS ASSN,ALAMEDA,C,Community,C,Community,A,ACTIVE,P,Private,GW,Groundwater,50,NA,NA,50,NA,19,NA,NA,NA,19,SC,Small Community,12/12/2017,CASTRO VALLEY,NA,#N/A,D1,Distribution Operator Level 1
103040,2017-07-11,1246,2416,2017-07-15,2017-07-21,E524.2,A,S,A-010,NA,0,N-BUTYLBENZENE,NA,NA,NL,UB,UG/L,0,0.5,260,0.5,0,0,N-BUTYLBENZENE,NORRIS CANYON PROPERTY OWNERS ASSN,ALAMEDA,C,Community,C,Community,A,ACTIVE,P,Private,GW,Groundwater,50,NA,NA,50,NA,19,NA,NA,NA,19,SC,Small Community,12/12/2017,CASTRO VALLEY,NA,#N/A,D1,Distribution Operator Level 1
103040,2017-07-11,1246,2416,2017-07-15,2017-07-21,E524.2,A,S,A-011,NA,0,P-ISOPROPYLTOLUENE,NA,NA,P,UB,UG/L,0,0,0,0,0,0,P-ISOPROPYLTOLUENE,NORRIS CANYON PROPERTY OWNERS ASSN,ALAMEDA,C,Community,C,Community,A,ACTIVE,P,Private,GW,Groundwater,50,NA,NA,50,NA,19,NA,NA,NA,19,SC,Small Community,12/12/2017,CASTRO VALLEY,NA,#N/A,D1,Distribution Operator Level 1
103040,2017-07-11,1246,2416,2017-07-15,2017-07-21,E524.2,A,S,A-012,NA,0,BROMOCHLOROMETHANE,NA,NA,P,UB,UG/L,0,0,0.5,0.5,0,0,BROMOCHLOROMETHANE,NORRIS CANYON PROPERTY OWNERS ASSN,ALAMEDA,C,Community,C,Community,A,ACTIVE,P,Private,GW,Groundwater,50,NA,NA,50,NA,19,NA,NA,NA,19,SC,Small Community,12/12/2017,CASTRO VALLEY,NA,#N/A,D1,Distribution Operator Level 1
103040,2017-07-11,1246,2416,2017-07-15,2017-07-21,E524.2,A,S,A-014,NA,0,"M,P-XYLENE",NA,NA,P,XX,UG/L,0,0,0,0.5,0,1750,"M,P-XYLENE",NORRIS CANYON PROPERTY OWNERS ASSN,ALAMEDA,C,Community,C,Community,A,ACTIVE,P,Private,GW,Groundwater,50,NA,NA,50,NA,19,NA,NA,NA,19,SC,Small Community,12/12/2017,CASTRO VALLEY,NA,#N/A,D1,Distribution Operator Level 1
103040,2017-07-11,1246,2416,2017-07-15,2017-07-21,E524.2,A,S,A-033,NA,0,ETHYL-TERT-BUTYL ETHER,ETBE,NA,P,XX,UG/L,0,0,0,3,0,0,ETHYL-TERT-BUTYL ETHER,NORRIS CANYON PROPERTY OWNERS ASSN,ALAMEDA,C,Community,C,Community,A,ACTIVE,P,Private,GW,Groundwater,50,NA,NA,50,NA,19,NA,NA,NA,19,SC,Small Community,12/12/2017,CASTRO VALLEY,NA,#N/A,D1,Distribution Operator Level 1
103040,2017-07-11,1246,2416,2017-07-15,2017-07-21,E524.2,A,S,A-034,NA,0,TERT-AMYL-METHYL ETHER,TAME,NA,P,XX,UG/L,0,0,0,3,0,0,TERT-AMYL-METHYL ETHER,NORRIS CANYON PROPERTY OWNERS ASSN,ALAMEDA,C,Community,C,Community,A,ACTIVE,P,Private,GW,Groundwater,50,NA,NA,50,NA,19,NA,NA,NA,19,SC,Small Community,12/12/2017,CASTRO VALLEY,NA,#N/A,D1,Distribution Operator Level 1
103040,2017-07-11,1246,2416,2017-07-15,2017-07-21,E524.2,A,S,A-036,NA,0,DIISOPROPYL ETHER,DIPE,NA,P,XX,UG/L,0,0,0,3,0,0,DIISOPROPYL ETHER,NORRIS CANYON PROPERTY OWNERS ASSN,ALAMEDA,C,Community,C,Community,A,ACTIVE,P,Private,GW,Groundwater,50,NA,NA,50,NA,19,NA,NA,NA,19,SC,Small Community,12/12/2017,CASTRO VALLEY,NA,#N/A,D1,Distribution Operator Level 1
103040,2017-07-11,1246,9588,2017-07-19,2017-07-19,E314,#,S,A-031,<,4,PERCHLORATE,NA,NA,T,IO,UG/L,6,0,4,4,1,0,PERCHLORATE,NORRIS CANYON PROPERTY OWNERS ASSN,ALAMEDA,C,Community,C,Community,A,ACTIVE,P,Private,GW,Groundwater,50,NA,NA,50,NA,19,NA,NA,NA,19,SC,Small Community,12/12/2017,CASTRO VALLEY,NA,#N/A,D1,Distribution Operator Level 1
103040,2017-07-11,1250,1675,2017-07-11,2017-07-20,E300.0,A,S,00618,NA,3.7,NITRATE (AS N),NA,NA,T,NI,MG/L,10,0,5,0.4,10,10,NITRATE (AS N),NORRIS CANYON PROPERTY OWNERS ASSN,ALAMEDA,C,Community,C,Community,A,ACTIVE,P,Private,GW,Groundwater,50,NA,NA,50,NA,19,NA,NA,NA,19,SC,Small Community,12/12/2017,CASTRO VALLEY,NA,#N/A,D1,Distribution Operator Level 1
103040,2017-07-11,1250,1675,2017-07-11,2017-07-20,E300.0,A,S,00620,NA,0,NITRITE (AS N),NA,NA,T,NI,MG/L,1,0,0.5,0.4,1,0,NITRITE (AS N),NORRIS CANYON PROPERTY OWNERS ASSN,ALAMEDA,C,Community,C,Community,A,ACTIVE,P,Private,GW,Groundwater,50,NA,NA,50,NA,19,NA,NA,NA,19,SC,Small Community,12/12/2017,CASTRO VALLEY,NA,#N/A,D1,Distribution Operator Level 1
103040,2017-08-14,1333,1644,2017-08-22,2017-09-05,E524.2,A,S,32101,NA,0,BROMODICHLOROMETHANE (THM),DICHLOROBROMOMETHANE,NA,DB,DBP,UG/L,0,0,0,1,60,0,BROMODICHLORMETHANE (THM),NORRIS CANYON PROPERTY OWNERS ASSN,ALAMEDA,C,Community,C,Community,A,ACTIVE,P,Private,GW,Groundwater,50,NA,NA,50,NA,19,NA,NA,NA,19,SC,Small Community,12/12/2017,CASTRO VALLEY,NA,#N/A,D1,Distribution Operator Level 1
103040,2017-08-14,1333,1644,2017-08-22,2017-09-05,E524.2,A,S,32102,NA,0,CARBON TETRACHLORIDE,NA,NA,P,S1,UG/L,0.5,0,0.5,0.5,0,0,CARBON TETRACHLORIDE,NORRIS CANYON PROPERTY OWNERS ASSN,ALAMEDA,C,Community,C,Community,A,ACTIVE,P,Private,GW,Groundwater,50,NA,NA,50,NA,19,NA,NA,NA,19,SC,Small Community,12/12/2017,CASTRO VALLEY,NA,#N/A,D1,Distribution Operator Level 1
103040,2017-08-14,1333,1644,2017-08-22,2017-09-05,E524.2,A,S,32104,NA,1,BROMOFORM (THM),BROMOFORM,NA,DB,DBP,UG/L,0,0,0,1,500,0,BROMOFORM (THM),NORRIS CANYON PROPERTY OWNERS ASSN,ALAMEDA,C,Community,C,Community,A,ACTIVE,P,Private,GW,Groundwater,50,NA,NA,50,NA,19,NA,NA,NA,19,SC,Small Community,12/12/2017,CASTRO VALLEY,NA,#N/A,D1,Distribution Operator Level 1
103040,2017-08-14,1333,1644,2017-08-22,2017-09-05,E524.2,A,S,32105,NA,0.7,DIBROMOCHLOROMETHANE (THM),CHLORODIBROMOMETHANE,NA,DB,DBP,UG/L,0,0,0,1,100,0,DIBROMOCHLOROMETHANE (THM),NORRIS CANYON PROPERTY OWNERS ASSN,ALAMEDA,C,Community,C,Community,A,ACTIVE,P,Private,GW,Groundwater,50,NA,NA,50,NA,19,NA,NA,NA,19,SC,Small Community,12/12/2017,CASTRO VALLEY,NA,#N/A,D1,Distribution Operator Level 1
103040,2017-08-14,1333,1644,2017-08-22,2017-09-05,E524.2,A,S,32106,NA,0,CHLOROFORM (THM),TRICHLOROMETHANE,CHLOROFORM,DB,DBP,UG/L,0,0,0,1,400,0,CHLOROFORM (THM),NORRIS CANYON PROPERTY OWNERS ASSN,ALAMEDA,C,Community,C,Community,A,ACTIVE,P,Private,GW,Groundwater,50,NA,NA,50,NA,19,NA,NA,NA,19,SC,Small Community,12/12/2017,CASTRO VALLEY,NA,#N/A,D1,Distribution Operator Level 1
103040,2017-08-14,1333,1644,2017-08-22,2017-09-05,E524.2,A,S,34010,NA,0,TOLUENE,NA,NA,P,S1,UG/L,150,0,0.5,0.5,0,0,TOLUENE,NORRIS CANYON PROPERTY OWNERS ASSN,ALAMEDA,C,Community,C,Community,A,ACTIVE,P,Private,GW,Groundwater,50,NA,NA,50,NA,19,NA,NA,NA,19,SC,Small Community,12/12/2017,CASTRO VALLEY,NA,#N/A,D1,Distribution Operator Level 1
103040,2017-08-14,1333,1644,2017-08-22,2017-09-05,E524.2,A,S,34030,NA,0,BENZENE,BENZOL,NA,A,S1,UG/L,1,0,0.5,0.5,0,0,BENZENE,NORRIS CANYON PROPERTY OWNERS ASSN,ALAMEDA,C,Community,C,Community,A,ACTIVE,P,Private,GW,Groundwater,50,NA,NA,50,NA,19,NA,NA,NA,19,SC,Small Community,12/12/2017,CASTRO VALLEY,NA,#N/A,D1,Distribution Operator Level 1
103040,2017-08-14,1333,1644,2017-08-24,2017-09-05,E525.2,A,S,34247,NA,0,BENZO (A) PYRENE,NA,NA,B,S2,UG/L,0.2,0,0.1,0.1,0,0,BENZO (A) PYRENE,NORRIS CANYON PROPERTY OWNERS ASSN,ALAMEDA,C,Community,C,Community,A,ACTIVE,P,Private,GW,Groundwater,50,NA,NA,50,NA,19,NA,NA,NA,19,SC,Small Community,12/12/2017,CASTRO VALLEY,NA,#N/A,D1,Distribution Operator Level 1
103040,2017-08-14,1333,1644,2017-08-22,2017-09-05,E524.2,A,S,34301,NA,0,MONOCHLOROBENZENE,CHLOROBENZENE,NA,P,S1,UG/L,70,0,0.5,0.5,200,30,MONOCHLOROBENZENE,NORRIS CANYON PROPERTY OWNERS ASSN,ALAMEDA,C,Community,C,Community,A,ACTIVE,P,Private,GW,Groundwater,50,NA,NA,50,NA,19,NA,NA,NA,19,SC,Small Community,12/12/2017,CASTRO VALLEY,NA,#N/A,D1,Distribution Operator Level 1
103040,2017-08-14,1333,1644,2017-08-22,2017-09-05,E524.2,A,S,34311,NA,0,CHLOROETHANE,NA,NA,P,UA,UG/L,0,0,0.5,0.5,0,0,CHLOROETHANE,NORRIS CANYON PROPERTY OWNERS ASSN,ALAMEDA,C,Community,C,Community,A,ACTIVE,P,Private,GW,Groundwater,50,NA,NA,50,NA,19,NA,NA,NA,19,SC,Small Community,12/12/2017,CASTRO VALLEY,NA,#N/A,D1,Distribution Operator Level 1
103040,2017-08-14,1333,1644,2017-08-22,2017-09-05,E524.2,A,S,34371,NA,0,ETHYLBENZENE,ETHYL BENZENE,NA,P,S1,UG/L,300,0,0.5,0.5,300,680,ETHYLBENZENE,NORRIS CANYON PROPERTY OWNERS ASSN,ALAMEDA,C,Community,C,Community,A,ACTIVE,P,Private,GW,Groundwater,50,NA,NA,50,NA,19,NA,NA,NA,19,SC,Small Community,12/12/2017,CASTRO VALLEY,NA,#N/A,D1,Distribution Operator Level 1
103040,2017-08-14,1333,1644,2017-08-16,2017-09-05,E505,A,S,34386,NA,0,HEXACHLOROCYCLOPENTADIENE,NA,NA,B,S2,UG/L,50,0,1,1,50,0,HEXACHLOROCYCLOPENTADIENE,NORRIS CANYON PROPERTY OWNERS ASSN,ALAMEDA,C,Community,C,Community,A,ACTIVE,P,Private,GW,Groundwater,50,NA,NA,50,NA,19,NA,NA,NA,19,SC,Small Community,12/12/2017,CASTRO VALLEY,NA,#N/A,D1,Distribution Operator Level 1
103040,2017-08-14,1333,1644,2017-08-22,2017-09-05,E524.2,A,S,34391,NA,0,HEXACHLOROBUTADIENE,NA,NA,B,UB,UG/L,0,0,0.5,0.5,0,0,HEXACHLOROBUTADIENE,NORRIS CANYON PROPERTY OWNERS ASSN,ALAMEDA,C,Community,C,Community,A,ACTIVE,P,Private,GW,Groundwater,50,NA,NA,50,NA,19,NA,NA,NA,19,SC,Small Community,12/12/2017,CASTRO VALLEY,NA,#N/A,D1,Distribution Operator Level 1
103040,2017-08-14,1333,1644,2017-08-22,2017-09-05,E524.2,A,S,34413,NA,0,BROMOMETHANE,METHYL BROMIDE,NA,A,UA,UG/L,0,0,0.5,0.5,0,0,BROMOMETHANE,NORRIS CANYON PROPERTY OWNERS ASSN,ALAMEDA,C,Community,C,Community,A,ACTIVE,P,Private,GW,Groundwater,50,NA,NA,50,NA,19,NA,NA,NA,19,SC,Small Community,12/12/2017,CASTRO VALLEY,NA,#N/A,D1,Distribution Operator Level 1
103040,2017-08-14,1333,1644,2017-08-22,2017-09-05,E524.2,A,S,34418,NA,0,CHLOROMETHANE,METHYL CHLORIDE,NA,A,UA,UG/L,0,0,0.5,0.5,0,0,CHLOROMETHANE,NORRIS CANYON PROPERTY OWNERS ASSN,ALAMEDA,C,Community,C,Community,A,ACTIVE,P,Private,GW,Groundwater,50,NA,NA,50,NA,19,NA,NA,NA,19,SC,Small Community,12/12/2017,CASTRO VALLEY,NA,#N/A,D1,Distribution Operator Level 1
103040,2017-08-14,1333,1644,2017-08-22,2017-09-05,E524.2,A,S,34423,NA,0,DICHLOROMETHANE,METHYLENE CHLORIDE,NA,P,S1,UG/L,5,0,0.5,0.5,4,3,DICHLOROMETHANE,NORRIS CANYON PROPERTY OWNERS ASSN,ALAMEDA,C,Community,C,Community,A,ACTIVE,P,Private,GW,Groundwater,50,NA,NA,50,NA,19,NA,NA,NA,19,SC,Small Community,12/12/2017,CASTRO VALLEY,NA,#N/A,D1,Distribution Operator Level 1
103040,2017-08-14,1333,1644,2017-08-22,2017-09-05,E524.2,A,S,34475,NA,0,TETRACHLOROETHYLENE,PCE,NA,P,S1,UG/L,5,0,0.5,0.5,0,1,TETRACHLOROETHYLENE,NORRIS CANYON PROPERTY OWNERS ASSN,ALAMEDA,C,Community,C,Community,A,ACTIVE,P,Private,GW,Groundwater,50,NA,NA,50,NA,19,NA,NA,NA,19,SC,Small Community,12/12/2017,CASTRO VALLEY,NA,#N/A,D1,Distribution Operator Level 1
103040,2017-08-14,1333,1644,2017-08-22,2017-09-05,E524.2,A,S,34488,NA,0,TRICHLOROFLUOROMETHANE,FREON 11,NA,P,S1,UG/L,150,0,5,5,700,150,TRICHLOROFLUOROMETHANE,NORRIS CANYON PROPERTY OWNERS ASSN,ALAMEDA,C,Community,C,Community,A,ACTIVE,P,Private,GW,Groundwater,50,NA,NA,50,NA,19,NA,NA,NA,19,SC,Small Community,12/12/2017,CASTRO VALLEY,NA,#N/A,D1,Distribution Operator Level 1
103040,2017-08-14,1333,1644,2017-08-22,2017-09-05,E524.2,A,S,34496,NA,0,"1,1-DICHLOROETHANE","1,1-DCA",NA,P,S1,UG/L,5,0,0.5,0.5,3,5,"DICHLOROETHANE-1,1",NORRIS CANYON PROPERTY OWNERS ASSN,ALAMEDA,C,Community,C,Community,A,ACTIVE,P,Private,GW,Groundwater,50,NA,NA,50,NA,19,NA,NA,NA,19,SC,Small Community,12/12/2017,CASTRO VALLEY,NA,#N/A,D1,Distribution Operator Level 1
103040,2017-08-14,1333,1644,2017-08-22,2017-09-05,E524.2,A,S,34501,NA,0,"1,1-DICHLOROETHYLENE","1,1-DCE",NA,P,S1,UG/L,6,0,0,0,10,6,"DICHLOROETHYLENE-1,1",NORRIS CANYON PROPERTY OWNERS ASSN,ALAMEDA,C,Community,C,Community,A,ACTIVE,P,Private,GW,Groundwater,50,NA,NA,50,NA,19,NA,NA,NA,19,SC,Small Community,12/12/2017,CASTRO VALLEY,NA,#N/A,D1,Distribution Operator Level 1
103040,2017-08-14,1333,1644,2017-08-22,2017-09-05,E524.2,A,S,34506,NA,0,"1,1,1-TRICHLOROETHANE","1,1,1-TCA",TCA,P,S1,UG/L,200,0,0,0,1000,200,"TRICHLOROETHANE-1,1,1",NORRIS CANYON PROPERTY OWNERS ASSN,ALAMEDA,C,Community,C,Community,A,ACTIVE,P,Private,GW,Groundwater,50,NA,NA,50,NA,19,NA,NA,NA,19,SC,Small Community,12/12/2017,CASTRO VALLEY,NA,#N/A,D1,Distribution Operator Level 1
103040,2017-08-14,1333,1644,2017-08-22,2017-09-05,E524.2,A,S,34511,NA,0,"1,1,2-TRICHLOROETHANE","1,1,2-TCA",NA,P,S1,UG/L,5,0,0,0,0,1,"TRICHLOROETHANE-1,1,2",NORRIS CANYON PROPERTY OWNERS ASSN,ALAMEDA,C,Community,C,Community,A,ACTIVE,P,Private,GW,Groundwater,50,NA,NA,50,NA,19,NA,NA,NA,19,SC,Small Community,12/12/2017,CASTRO VALLEY,NA,#N/A,D1,Distribution Operator Level 1
103040,2017-08-14,1333,1644,2017-08-22,2017-09-05,E524.2,A,S,34516,NA,0,"1,1,2,2-TETRACHLOROETHANE",NA,NA,P,S1,UG/L,1,0,0.5,0.5,0,1,"TETRACHLOROETHANE-1,1,2,2",NORRIS CANYON PROPERTY OWNERS ASSN,ALAMEDA,C,Community,C,Community,A,ACTIVE,P,Private,GW,Groundwater,50,NA,NA,50,NA,19,NA,NA,NA,19,SC,Small Community,12/12/2017,CASTRO VALLEY,NA,#N/A,D1,Distribution Operator Level 1
103040,2017-08-14,1333,1644,2017-08-22,2017-09-05,E524.2,A,S,34531,NA,0,"1,2-DICHLOROETHANE","1,2-DCA",NA,P,S1,UG/L,0,0,0,0,0,0,"DICHLOROETHANE-1,2",NORRIS CANYON PROPERTY OWNERS ASSN,ALAMEDA,C,Community,C,Community,A,ACTIVE,P,Private,GW,Groundwater,50,NA,NA,50,NA,19,NA,NA,NA,19,SC,Small Community,12/12/2017,CASTRO VALLEY,NA,#N/A,D1,Distribution Operator Level 1
103040,2017-08-14,1333,1644,2017-08-22,2017-09-05,E524.2,A,S,34536,NA,0,"1,2-DICHLOROBENZENE",O-DCB,NA,P,S1,UG/L,600,0,0.5,0.5,600,0,DICHLOROBENZENE-1.2,NORRIS CANYON PROPERTY OWNERS ASSN,ALAMEDA,C,Community,C,Community,A,ACTIVE,P,Private,GW,Groundwater,50,NA,NA,50,NA,19,NA,NA,NA,19,SC,Small Community,12/12/2017,CASTRO VALLEY,NA,#N/A,D1,Distribution Operator Level 1
103040,2017-08-14,1333,1644,2017-08-22,2017-09-05,E524.2,A,S,34541,NA,0,"1,2-DICHLOROPROPANE",D-D,NA,A,S1,UG/L,5,0,0.5,0.5,0,5,DICHLOROPROPANE-1.2,NORRIS CANYON PROPERTY OWNERS ASSN,ALAMEDA,C,Community,C,Community,A,ACTIVE,P,Private,GW,Groundwater,50,NA,NA,50,NA,19,NA,NA,NA,19,SC,Small Community,12/12/2017,CASTRO VALLEY,NA,#N/A,D1,Distribution Operator Level 1
103040,2017-08-14,1333,1644,2017-08-22,2017-09-05,E524.2,A,S,34546,NA,0,"TRANS-1,2-DICHLOROETHYLENE",NA,NA,P,S1,UG/L,10,0,0.5,0.5,60,10,"DICHLOROETHYLENE-TRANS-1,2",NORRIS CANYON PROPERTY OWNERS ASSN,ALAMEDA,C,Community,C,Community,A,ACTIVE,P,Private,GW,Groundwater,50,NA,NA,50,NA,19,NA,NA,NA,19,SC,Small Community,12/12/2017,CASTRO VALLEY,NA,#N/A,D1,Distribution Operator Level 1
103040,2017-08-14,1333,1644,2017-08-22,2017-09-05,E524.2,A,S,34551,NA,0,"1,2,4-TRICHLOROBENZENE",NA,NA,B,S1,UG/L,5,0,0.5,0.5,5,0,"TRICHLOROBENZENE-1,2,4",NORRIS CANYON PROPERTY OWNERS ASSN,ALAMEDA,C,Community,C,Community,A,ACTIVE,P,Private,GW,Groundwater,50,NA,NA,50,NA,19,NA,NA,NA,19,SC,Small Community,12/12/2017,CASTRO VALLEY,NA,#N/A,D1,Distribution Operator Level 1
103040,2017-08-14,1333,1644,2017-08-22,2017-09-05,E524.2,A,S,34561,NA,0,"1,3-DICHLOROPROPENE (TOTAL)","TOTAL 1,3-DICHLOROPROPENE",NA,P,S1,UG/L,0.5,0,0.5,0.5,0,0,"DICHLOROPROPENE-1,3 (TOTAL)",NORRIS CANYON PROPERTY OWNERS ASSN,ALAMEDA,C,Community,C,Community,A,ACTIVE,P,Private,GW,Groundwater,50,NA,NA,50,NA,19,NA,NA,NA,19,SC,Small Community,12/12/2017,CASTRO VALLEY,NA,#N/A,D1,Distribution Operator Level 1
103040,2017-08-14,1333,1644,2017-08-22,2017-09-05,E524.2,A,S,34566,NA,0,"1,3-DICHLOROBENZENE",M-DCB,NA,P,UA,UG/L,0,0,600,0.5,0,0,"DICHLOROBENZENE-1,3",NORRIS CANYON PROPERTY OWNERS ASSN,ALAMEDA,C,Community,C,Community,A,ACTIVE,P,Private,GW,Groundwater,50,NA,NA,50,NA,19,NA,NA,NA,19,SC,Small Community,12/12/2017,CASTRO VALLEY,NA,#N/A,D1,Distribution Operator Level 1
103040,2017-08-14,1333,1644,2017-08-22,2017-09-05,E524.2,A,S,34571,NA,0,"1,4-DICHLOROBENZENE",P-DCB,NA,P,S1,UG/L,5,0,0.5,0.5,6,1,"DICHLOROBENZENE-1,4",NORRIS CANYON PROPERTY OWNERS ASSN,ALAMEDA,C,Community,C,Community,A,ACTIVE,P,Private,GW,Groundwater,50,NA,NA,50,NA,19,NA,NA,NA,19,SC,Small Community,12/12/2017,CASTRO VALLEY,NA,#N/A,D1,Distribution Operator Level 1
103040,2017-08-14,1333,1644,2017-08-22,2017-09-05,E524.2,A,S,34668,NA,0,DICHLORODIFLUOROMETHANE (FREON 12),FREON 12,NA,NL,UA,UG/L,0,1000,1000,0.5,0,0,DICHLORODIFLUOROMETHANE,NORRIS CANYON PROPERTY OWNERS ASSN,ALAMEDA,C,Community,C,Community,A,ACTIVE,P,Private,GW,Groundwater,50,NA,NA,50,NA,19,NA,NA,NA,19,SC,Small Community,12/12/2017,CASTRO VALLEY,NA,#N/A,D1,Distribution Operator Level 1
103040,2017-08-14,1333,1644,2017-08-16,2017-09-05,E505,A,S,34671,NA,0,PCB-1016 (AS DECACHLOROBIPHENYL (DCB)),NA,NA,B,XX,UG/L,0,0,0.5,0.5,0,0,PCB-1016,NORRIS CANYON PROPERTY OWNERS ASSN,ALAMEDA,C,Community,C,Community,A,ACTIVE,P,Private,GW,Groundwater,50,NA,NA,50,NA,19,NA,NA,NA,19,SC,Small Community,12/12/2017,CASTRO VALLEY,NA,#N/A,D1,Distribution Operator Level 1
103040,2017-08-14,1333,1644,2017-08-24,2017-09-05,E1613,A,S,34676,NA,0,"2,3,7,8-TCDD (DIOXIN)",DIOXIN,NA,A,S2,PG/L,30,0,5,5,0,0,"DIOXIN (2,3,7,8-TCDD)",NORRIS CANYON PROPERTY OWNERS ASSN,ALAMEDA,C,Community,C,Community,A,ACTIVE,P,Private,GW,Groundwater,50,NA,NA,50,NA,19,NA,NA,NA,19,SC,Small Community,12/12/2017,CASTRO VALLEY,NA,#N/A,D1,Distribution Operator Level 1
103040,2017-08-14,1333,1644,2017-08-22,2017-09-05,E524.2,A,S,34696,NA,0,NAPHTHALENE,NA,NA,NL,UB,UG/L,0,17,17,0.5,0,0,NAPHTHALENE,NORRIS CANYON PROPERTY OWNERS ASSN,ALAMEDA,C,Community,C,Community,A,ACTIVE,P,Private,GW,Groundwater,50,NA,NA,50,NA,19,NA,NA,NA,19,SC,Small Community,12/12/2017,CASTRO VALLEY,NA,#N/A,D1,Distribution Operator Level 1
103040,2017-08-14,1333,1644,2017-08-24,2017-09-05,E515.3,A,S,38432,NA,0,DALAPON,DOWPON,NA,A,S2,UG/L,200,0,10,10,790,0,DALAPON,NORRIS CANYON PROPERTY OWNERS ASSN,ALAMEDA,C,Community,C,Community,A,ACTIVE,P,Private,GW,Groundwater,50,NA,NA,50,NA,19,NA,NA,NA,19,SC,Small Community,12/12/2017,CASTRO VALLEY,NA,#N/A,D1,Distribution Operator Level 1
103040,2017-08-14,1333,1644,2017-08-17,2017-09-05,E531.1,A,S,38500,NA,0,METHIOCARB,MESUROL,NA,A,XX,UG/L,0,0,0,0,0,0,METHIOCARB,NORRIS CANYON PROPERTY OWNERS ASSN,ALAMEDA,C,Community,C,Community,A,ACTIVE,P,Private,GW,Groundwater,50,NA,NA,50,NA,19,NA,NA,NA,19,SC,Small Community,12/12/2017,CASTRO VALLEY,NA,#N/A,D1,Distribution Operator Level 1
103040,2017-08-14,1333,1644,2017-08-17,2017-09-05,E531.1,A,S,38537,NA,0,PROPOXUR,BAYGON,NA,A,XX,UG/L,0,0,0,0,0,0,PROPOXUR,NORRIS CANYON PROPERTY OWNERS ASSN,ALAMEDA,C,Community,C,Community,A,ACTIVE,P,Private,GW,Groundwater,50,NA,NA,50,NA,19,NA,NA,NA,19,SC,Small Community,12/12/2017,CASTRO VALLEY,NA,#N/A,D1,Distribution Operator Level 1
103040,2017-08-14,1333,1644,2017-08-24,2017-09-05,E515.3,A,S,38710,NA,0,BENTAZON,BASAGRAN,NA,A,S2,UG/L,18,0,2,2,200,18,BENTAZON,NORRIS CANYON PROPERTY OWNERS ASSN,ALAMEDA,C,Community,C,Community,A,ACTIVE,P,Private,GW,Groundwater,50,NA,NA,50,NA,19,NA,NA,NA,19,SC,Small Community,12/12/2017,CASTRO VALLEY,NA,#N/A,D1,Distribution Operator Level 1
103040,2017-08-14,1333,1644,2017-08-22,2017-09-05,E524.3,A,S,38761,NA,0,DIBROMOCHLOROPROPANE (DBCP),DBCP,DIBROMOCHLOROPROPANE,A,S2,UG/L,0.2,0,0.01,0.01,0,0,DIBROMOCHLOROPROPANE (DBCP),NORRIS CANYON PROPERTY OWNERS ASSN,ALAMEDA,C,Community,C,Community,A,ACTIVE,P,Private,GW,Groundwater,50,NA,NA,50,NA,19,NA,NA,NA,19,SC,Small Community,12/12/2017,CASTRO VALLEY,NA,#N/A,D1,Distribution Operator Level 1
103040,2017-08-14,1333,1644,2017-08-24,2017-09-05,E531.1,A,S,38865,NA,0,OXAMYL,VYDATE,NA,A,S2,UG/L,50,0,20,20,260,0,OXAMYL,NORRIS CANYON PROPERTY OWNERS ASSN,ALAMEDA,C,Community,C,Community,A,ACTIVE,P,Private,GW,Groundwater,50,NA,NA,50,NA,19,NA,NA,NA,19,SC,Small Community,12/12/2017,CASTRO VALLEY,NA,#N/A,D1,Distribution Operator Level 1
103040,2017-08-14,1333,1644,2017-08-24,2017-09-05,E548.1,A,S,38926,NA,0,ENDOTHALL,ENDOTHAL,NA,A,S2,UG/L,100,0,45,45,580,0,ENDOTHALL,NORRIS CANYON PROPERTY OWNERS ASSN,ALAMEDA,C,Community,C,Community,A,ACTIVE,P,Private,GW,Groundwater,50,NA,NA,50,NA,19,NA,NA,NA,19,SC,Small Community,12/12/2017,CASTRO VALLEY,NA,#N/A,D1,Distribution Operator Level 1
103040,2017-08-14,1333,1644,2017-08-24,2017-09-05,E515.3,A,S,39032,NA,0,PENTACHLOROPHENOL,PCP,NA,B,S2,UG/L,1,0,0.2,0.2,0,0,PENTACHLOROPHENOL,NORRIS CANYON PROPERTY OWNERS ASSN,ALAMEDA,C,Community,C,Community,A,ACTIVE,P,Private,GW,Groundwater,50,NA,NA,50,NA,19,NA,NA,NA,19,SC,Small Community,12/12/2017,CASTRO VALLEY,NA,#N/A,D1,Distribution Operator Level 1
103040,2017-08-14,1333,1644,2017-08-24,2017-09-05,E525.2,A,S,39033,NA,0,ATRAZINE,AATREX,NA,A,S2,UG/L,1,0,0.5,0.5,0,3,ATRAZINE,NORRIS CANYON PROPERTY OWNERS ASSN,ALAMEDA,C,Community,C,Community,A,ACTIVE,P,Private,GW,Groundwater,50,NA,NA,50,NA,19,NA,NA,NA,19,SC,Small Community,12/12/2017,CASTRO VALLEY,NA,#N/A,D1,Distribution Operator Level 1
103040,2017-08-14,1333,1644,2017-08-24,2017-09-05,E515.3,A,S,39045,NA,0,"2,4,5-TP (SILVEX)",WEED-B-GON,NA,A,S2,UG/L,50,0,1,1,25,10,"SILVEX (2,4,5-TP)",NORRIS CANYON PROPERTY OWNERS ASSN,ALAMEDA,C,Community,C,Community,A,ACTIVE,P,Private,GW,Groundwater,50,NA,NA,50,NA,19,NA,NA,NA,19,SC,Small Community,12/12/2017,CASTRO VALLEY,NA,#N/A,D1,Distribution Operator Level 1
103040,2017-08-14,1333,1644,2017-08-24,2017-09-05,E531.1,A,S,39051,NA,0,METHOMYL,NA,NA,A,UC,UG/L,0,0,2,2,0,0,METHOMYL,NORRIS CANYON PROPERTY OWNERS ASSN,ALAMEDA,C,Community,C,Community,A,ACTIVE,P,Private,GW,Groundwater,50,NA,NA,50,NA,19,NA,NA,NA,19,SC,Small Community,12/12/2017,CASTRO VALLEY,NA,#N/A,D1,Distribution Operator Level 1
103040,2017-08-14,1333,1644,2017-08-24,2017-09-05,E531.1,A,S,39053,NA,0,ALDICARB,TEMIK,NA,A,UC,UG/L,0,0,7,3,0,0,ALDICARB,NORRIS CANYON PROPERTY OWNERS ASSN,ALAMEDA,C,Community,C,Community,A,ACTIVE,P,Private,GW,Groundwater,50,NA,NA,50,NA,19,NA,NA,NA,19,SC,Small Community,12/12/2017,CASTRO VALLEY,NA,#N/A,D1,Distribution Operator Level 1
103040,2017-08-14,1333,1644,2017-08-24,2017-09-05,E525.2,A,S,39055,NA,0,SIMAZINE,PRINCEP,NA,A,S2,UG/L,4,0,1,1,4,10,SIMAZINE,NORRIS CANYON PROPERTY OWNERS ASSN,ALAMEDA,C,Community,C,Community,A,ACTIVE,P,Private,GW,Groundwater,50,NA,NA,50,NA,19,NA,NA,NA,19,SC,Small Community,12/12/2017,CASTRO VALLEY,NA,#N/A,D1,Distribution Operator Level 1
103040,2017-08-14,1333,1644,2017-08-24,2017-09-05,E525.2,A,S,39100,NA,0,DI(2-ETHYLHEXYL)PHTHALATE,DEHP,BIS (2-ETHYLHEXYL)PHTHALATE,B,S2,UG/L,4,0,3,3,12,4,DI(2-ETHYLHEXYL)PHTHALATE,NORRIS CANYON PROPERTY OWNERS ASSN,ALAMEDA,C,Community,C,Community,A,ACTIVE,P,Private,GW,Groundwater,50,NA,NA,50,NA,19,NA,NA,NA,19,SC,Small Community,12/12/2017,CASTRO VALLEY,NA,#N/A,D1,Distribution Operator Level 1
103040,2017-08-14,1333,1644,2017-08-22,2017-09-05,E524.2,A,S,39175,NA,0,VINYL CHLORIDE,VC,NA,P,S1,UG/L,0.5,0,0.5,0.5,0,0,VINYL CHLORIDE,NORRIS CANYON PROPERTY OWNERS ASSN,ALAMEDA,C,Community,C,Community,A,ACTIVE,P,Private,GW,Groundwater,50,NA,NA,50,NA,19,NA,NA,NA,19,SC,Small Community,12/12/2017,CASTRO VALLEY,NA,#N/A,D1,Distribution Operator Level 1
103040,2017-08-14,1333,1644,2017-08-22,2017-09-05,E524.2,A,S,39180,NA,0,TRICHLOROETHYLENE,TCE,TRICHLOROETHENE,P,S1,UG/L,5,0,0.5,0.5,1,1,TRICHLOROETHYLENE,NORRIS CANYON PROPERTY OWNERS ASSN,ALAMEDA,C,Community,C,Community,A,ACTIVE,P,Private,GW,Groundwater,50,NA,NA,50,NA,19,NA,NA,NA,19,SC,Small Community,12/12/2017,CASTRO VALLEY,NA,#N/A,D1,Distribution Operator Level 1
103040,2017-08-14,1333,1644,2017-08-16,2017-09-05,E505,A,S,39340,NA,0,LINDANE,GAMMA-BHC,NA,B,S2,UG/L,0.2,0,0.2,0.2,0,0,LINDANE,NORRIS CANYON PROPERTY OWNERS ASSN,ALAMEDA,C,Community,C,Community,A,ACTIVE,P,Private,GW,Groundwater,50,NA,NA,50,NA,19,NA,NA,NA,19,SC,Small Community,12/12/2017,CASTRO VALLEY,NA,#N/A,D1,Distribution Operator Level 1
103040,2017-08-14,1333,1644,2017-08-16,2017-09-05,E505,A,S,39350,NA,0,CHLORDANE,CHLORDAN,NA,B,S2,UG/L,0.1,0,0.1,0.1,0,0,CHLORDANE,NORRIS CANYON PROPERTY OWNERS ASSN,ALAMEDA,C,Community,C,Community,A,ACTIVE,P,Private,GW,Groundwater,50,NA,NA,50,NA,19,NA,NA,NA,19,SC,Small Community,12/12/2017,CASTRO VALLEY,NA,#N/A,D1,Distribution Operator Level 1
103040,2017-08-14,1333,1644,2017-08-16,2017-09-05,E505,A,S,39390,NA,0,ENDRIN,HEXADRIN,NA,B,S2,UG/L,2,0,0.1,0.1,0,0,ENDRIN,NORRIS CANYON PROPERTY OWNERS ASSN,ALAMEDA,C,Community,C,Community,A,ACTIVE,P,Private,GW,Groundwater,50,NA,NA,50,NA,19,NA,NA,NA,19,SC,Small Community,12/12/2017,CASTRO VALLEY,NA,#N/A,D1,Distribution Operator Level 1
103040,2017-08-14,1333,1644,2017-08-16,2017-09-05,E505,A,S,39400,NA,0,TOXAPHENE,NA,NA,B,S2,UG/L,3,0,1,1,0,0,TOXAPHENE,NORRIS CANYON PROPERTY OWNERS ASSN,ALAMEDA,C,Community,C,Community,A,ACTIVE,P,Private,GW,Groundwater,50,NA,NA,50,NA,19,NA,NA,NA,19,SC,Small Community,12/12/2017,CASTRO VALLEY,NA,#N/A,D1,Distribution Operator Level 1
103040,2017-08-14,1333,1644,2017-08-16,2017-09-05,E505,A,S,39410,NA,0,HEPTACHLOR,NA,NA,B,S2,UG/L,0.01,0,0.01,0.01,0,0,HEPTACHLOR,NORRIS CANYON PROPERTY OWNERS ASSN,ALAMEDA,C,Community,C,Community,A,ACTIVE,P,Private,GW,Groundwater,50,NA,NA,50,NA,19,NA,NA,NA,19,SC,Small Community,12/12/2017,CASTRO VALLEY,NA,#N/A,D1,Distribution Operator Level 1
103040,2017-08-14,1333,1644,2017-08-16,2017-09-05,E505,A,S,39420,NA,0,HEPTACHLOR EPOXIDE,NA,NA,B,S2,UG/L,0.01,0,0.01,0.01,0,0,HEPTACHLOR EPOXIDE,NORRIS CANYON PROPERTY OWNERS ASSN,ALAMEDA,C,Community,C,Community,A,ACTIVE,P,Private,GW,Groundwater,50,NA,NA,50,NA,19,NA,NA,NA,19,SC,Small Community,12/12/2017,CASTRO VALLEY,NA,#N/A,D1,Distribution Operator Level 1
103040,2017-08-14,1333,1644,2017-08-16,2017-09-05,E505,A,S,39480,NA,0,METHOXYCHLOR,NA,NA,A,S2,UG/L,30,0,10,10,0,100,METHOXYCHLOR,NORRIS CANYON PROPERTY OWNERS ASSN,ALAMEDA,C,Community,C,Community,A,ACTIVE,P,Private,GW,Groundwater,50,NA,NA,50,NA,19,NA,NA,NA,19,SC,Small Community,12/12/2017,CASTRO VALLEY,NA,#N/A,D1,Distribution Operator Level 1
103040,2017-08-14,1333,1644,2017-08-16,2017-09-05,E505,A,S,39488,NA,0,PCB-1221 (AS DCB),NA,NA,B,XX,UG/L,0,0,0.5,0.5,0,0,PCB-1221,NORRIS CANYON PROPERTY OWNERS ASSN,ALAMEDA,C,Community,C,Community,A,ACTIVE,P,Private,GW,Groundwater,50,NA,NA,50,NA,19,NA,NA,NA,19,SC,Small Community,12/12/2017,CASTRO VALLEY,NA,#N/A,D1,Distribution Operator Level 1
103040,2017-08-14,1333,1644,2017-08-16,2017-09-05,E505,A,S,39492,NA,0,PCB-1232 (AS DCB),NA,NA,B,XX,UG/L,0,0,0.5,0.5,0,0,PCB-1232,NORRIS CANYON PROPERTY OWNERS ASSN,ALAMEDA,C,Community,C,Community,A,ACTIVE,P,Private,GW,Groundwater,50,NA,NA,50,NA,19,NA,NA,NA,19,SC,Small Community,12/12/2017,CASTRO VALLEY,NA,#N/A,D1,Distribution Operator Level 1
103040,2017-08-14,1333,1644,2017-08-16,2017-09-05,E505,A,S,39496,NA,0,PCB-1242 (AS DCB),NA,NA,B,XX,UG/L,0,0,0.5,0.5,0,0,PCB-1242,NORRIS CANYON PROPERTY OWNERS ASSN,ALAMEDA,C,Community,C,Community,A,ACTIVE,P,Private,GW,Groundwater,50,NA,NA,50,NA,19,NA,NA,NA,19,SC,Small Community,12/12/2017,CASTRO VALLEY,NA,#N/A,D1,Distribution Operator Level 1
103040,2017-08-14,1333,1644,2017-08-16,2017-09-05,E505,A,S,39500,NA,0,PCB-1248 (AS DCB),NA,NA,B,XX,UG/L,0,0,0.5,0.5,0,0,PCB-1248,NORRIS CANYON PROPERTY OWNERS ASSN,ALAMEDA,C,Community,C,Community,A,ACTIVE,P,Private,GW,Groundwater,50,NA,NA,50,NA,19,NA,NA,NA,19,SC,Small Community,12/12/2017,CASTRO VALLEY,NA,#N/A,D1,Distribution Operator Level 1
103040,2017-08-14,1333,1644,2017-08-16,2017-09-05,E505,A,S,39504,NA,0,PCB-1254 (AS DCB),NA,NA,B,XX,UG/L,0,0,0.5,0.5,0,0,PCB-1254,NORRIS CANYON PROPERTY OWNERS ASSN,ALAMEDA,C,Community,C,Community,A,ACTIVE,P,Private,GW,Groundwater,50,NA,NA,50,NA,19,NA,NA,NA,19,SC,Small Community,12/12/2017,CASTRO VALLEY,NA,#N/A,D1,Distribution Operator Level 1
103040,2017-08-14,1333,1644,2017-08-16,2017-09-05,E505,A,S,39508,NA,0,PCB-1260 (AS DCB),NA,NA,B,XX,UG/L,0,0,0.5,0.5,0,0,PCB-1260,NORRIS CANYON PROPERTY OWNERS ASSN,ALAMEDA,C,Community,C,Community,A,ACTIVE,P,Private,GW,Groundwater,50,NA,NA,50,NA,19,NA,NA,NA,19,SC,Small Community,12/12/2017,CASTRO VALLEY,NA,#N/A,D1,Distribution Operator Level 1
103040,2017-08-14,1333,1644,2017-08-16,2017-09-05,E505,A,S,39516,NA,0,"POLYCHLORINATED BIPHENYLS, TOTAL, AS DCB",TOTAL POLYCHLORINATEDBIPHENOLS,TOTAL PCBS,B,S2,UG/L,0.5,0,0.5,0.5,0,0,POLYCHLORINATED BIPHENYLS (TOT,NORRIS CANYON PROPERTY OWNERS ASSN,ALAMEDA,C,Community,C,Community,A,ACTIVE,P,Private,GW,Groundwater,50,NA,NA,50,NA,19,NA,NA,NA,19,SC,Small Community,12/12/2017,CASTRO VALLEY,NA,#N/A,D1,Distribution Operator Level 1
103040,2017-08-14,1333,1644,2017-08-24,2017-09-05,E531.1,A,S,39570,NA,0,DIAZINON,NA,NA,NL,XX,UG/L,0,1,0,0,0,0,DIAZINON,NORRIS CANYON PROPERTY OWNERS ASSN,ALAMEDA,C,Community,C,Community,A,ACTIVE,P,Private,GW,Groundwater,50,NA,NA,50,NA,19,NA,NA,NA,19,SC,Small Community,12/12/2017,CASTRO VALLEY,NA,#N/A,D1,Distribution Operator Level 1
103040,2017-08-14,1333,1644,2017-08-16,2017-09-05,E505,A,S,39700,NA,0,HEXACHLOROBENZENE,NA,NA,B,S2,UG/L,1,0,0.5,0.5,0,0,HEXACHLOROBENZENE,NORRIS CANYON PROPERTY OWNERS ASSN,ALAMEDA,C,Community,C,Community,A,ACTIVE,P,Private,GW,Groundwater,50,NA,NA,50,NA,19,NA,NA,NA,19,SC,Small Community,12/12/2017,CASTRO VALLEY,NA,#N/A,D1,Distribution Operator Level 1
103040,2017-08-14,1333,1644,2017-08-24,2017-09-05,E515.3,A,S,39720,NA,0,PICLORAM,TORDON,NA,A,S2,UG/L,500,0,1,1,166,0,PICLORAM,NORRIS CANYON PROPERTY OWNERS ASSN,ALAMEDA,C,Community,C,Community,A,ACTIVE,P,Private,GW,Groundwater,50,NA,NA,50,NA,19,NA,NA,NA,19,SC,Small Community,12/12/2017,CASTRO VALLEY,NA,#N/A,D1,Distribution Operator Level 1
103040,2017-08-14,1333,1644,2017-08-24,2017-09-05,E515.3,A,S,39730,NA,0,"2,4-D","2,4-Dichlorophenoxyacetic acid",NA,A,S2,UG/L,70,0,10,10,20,0,"D-2,4",NORRIS CANYON PROPERTY OWNERS ASSN,ALAMEDA,C,Community,C,Community,A,ACTIVE,P,Private,GW,Groundwater,50,NA,NA,50,NA,19,NA,NA,NA,19,SC,Small Community,12/12/2017,CASTRO VALLEY,NA,#N/A,D1,Distribution Operator Level 1
103040,2017-08-14,1333,1644,2017-08-22,2017-09-05,E524.2,A,S,46491,NA,0,METHYL-TERT-BUTYL-ETHER (MTBE),MTBE,NA,P,S1,UG/L,13,0,3,3,13,0,METHYL-TERT-BUTYL-ETHER (MTBE),NORRIS CANYON PROPERTY OWNERS ASSN,ALAMEDA,C,Community,C,Community,A,ACTIVE,P,Private,GW,Groundwater,50,NA,NA,50,NA,19,NA,NA,NA,19,SC,Small Community,12/12/2017,CASTRO VALLEY,NA,#N/A,D1,Distribution Operator Level 1
103040,2017-08-14,1333,1644,2017-08-22,2017-09-05,E524.2,A,S,77035,NA,0,TERT-BUTYL ALCOHOL (TBA),2-METHYL-2-PROPANOL,NA,NL,XX,UG/L,0,12,12,2,0,0,TERT-BUTYL ALCOHOL,NORRIS CANYON PROPERTY OWNERS ASSN,ALAMEDA,C,Community,C,Community,A,ACTIVE,P,Private,GW,Groundwater,50,NA,NA,50,NA,19,NA,NA,NA,19,SC,Small Community,12/12/2017,CASTRO VALLEY,NA,#N/A,D1,Distribution Operator Level 1
103040,2017-08-14,1333,1644,2017-08-22,2017-09-05,E524.2,A,S,77041,NA,0,CARBON DISULFIDE,NA,NA,NL,XX,UG/L,0,160,160,0.5,0,0,CARBON DISULFIDE,NORRIS CANYON PROPERTY OWNERS ASSN,ALAMEDA,C,Community,C,Community,A,ACTIVE,P,Private,GW,Groundwater,50,NA,NA,50,NA,19,NA,NA,NA,19,SC,Small Community,12/12/2017,CASTRO VALLEY,NA,#N/A,D1,Distribution Operator Level 1
103040,2017-08-14,1333,1644,2017-08-22,2017-09-05,E524.2,A,S,77093,NA,0,"CIS-1,2-DICHLOROETHYLENE","C-1,2-DCE",NA,P,S1,UG/L,6,0,0.5,0.5,100,6,"CIS-1,2-DICHLOROETHYLENE",NORRIS CANYON PROPERTY OWNERS ASSN,ALAMEDA,C,Community,C,Community,A,ACTIVE,P,Private,GW,Groundwater,50,NA,NA,50,NA,19,NA,NA,NA,19,SC,Small Community,12/12/2017,CASTRO VALLEY,NA,#N/A,D1,Distribution Operator Level 1
103040,2017-08-14,1333,1644,2017-08-22,2017-09-05,E524.2,A,S,77128,NA,0,STYRENE,NA,NA,P,S1,UG/L,100,0,0.5,0.5,0,0,STYRENE,NORRIS CANYON PROPERTY OWNERS ASSN,ALAMEDA,C,Community,C,Community,A,ACTIVE,P,Private,GW,Groundwater,50,NA,NA,50,NA,19,NA,NA,NA,19,SC,Small Community,12/12/2017,CASTRO VALLEY,NA,#N/A,D1,Distribution Operator Level 1
103040,2017-08-14,1333,1644,2017-08-22,2017-09-05,E524.2,A,S,77168,NA,0,"1,1-DICHLOROPROPENE",NA,NA,P,UA,UG/L,0,0,0.5,0.5,0,0,"DICHLOROPROPENE-1,1",NORRIS CANYON PROPERTY OWNERS ASSN,ALAMEDA,C,Community,C,Community,A,ACTIVE,P,Private,GW,Groundwater,50,NA,NA,50,NA,19,NA,NA,NA,19,SC,Small Community,12/12/2017,CASTRO VALLEY,NA,#N/A,D1,Distribution Operator Level 1
103040,2017-08-14,1333,1644,2017-08-22,2017-09-05,E524.2,A,S,77170,NA,0,"2,2-DICHLOROPROPANE",NA,NA,P,UA,UG/L,0,0,0.5,0.5,0,0,"DICHLOROPROPANE-2,2",NORRIS CANYON PROPERTY OWNERS ASSN,ALAMEDA,C,Community,C,Community,A,ACTIVE,P,Private,GW,Groundwater,50,NA,NA,50,NA,19,NA,NA,NA,19,SC,Small Community,12/12/2017,CASTRO VALLEY,NA,#N/A,D1,Distribution Operator Level 1
103040,2017-08-14,1333,1644,2017-08-22,2017-09-05,E524.2,A,S,77173,NA,0,"1,3-DICHLOROPROPANE",NA,NA,P,UA,UG/L,0,0,0.5,0.5,0,0,"DICHLOROPROPANE-1,3",NORRIS CANYON PROPERTY OWNERS ASSN,ALAMEDA,C,Community,C,Community,A,ACTIVE,P,Private,GW,Groundwater,50,NA,NA,50,NA,19,NA,NA,NA,19,SC,Small Community,12/12/2017,CASTRO VALLEY,NA,#N/A,D1,Distribution Operator Level 1
103040,2017-08-14,1333,1644,2017-08-22,2017-09-05,E524.2,A,S,77222,NA,0,"1,2,4-TRIMETHYLBENZENE",NA,NA,NL,UB,UG/L,0,330,330,0.5,0,0,"TRIMETHYLBENZENE-1,2,4",NORRIS CANYON PROPERTY OWNERS ASSN,ALAMEDA,C,Community,C,Community,A,ACTIVE,P,Private,GW,Groundwater,50,NA,NA,50,NA,19,NA,NA,NA,19,SC,Small Community,12/12/2017,CASTRO VALLEY,NA,#N/A,D1,Distribution Operator Level 1
103040,2017-08-14,1333,1644,2017-08-22,2017-09-05,E524.2,A,S,77223,NA,0,ISOPROPYLBENZENE,NA,NA,NL,UB,UG/L,0,770,770,0.5,0,0,ISOPROPYLBENZENE,NORRIS CANYON PROPERTY OWNERS ASSN,ALAMEDA,C,Community,C,Community,A,ACTIVE,P,Private,GW,Groundwater,50,NA,NA,50,NA,19,NA,NA,NA,19,SC,Small Community,12/12/2017,CASTRO VALLEY,NA,#N/A,D1,Distribution Operator Level 1
103040,2017-08-14,1333,1644,2017-08-22,2017-09-05,E524.2,A,S,77224,NA,0,N-PROPYLBENZENE (1-PHENYLPROPANE),1-PHENYLPROPANE,NA,NL,UB,UG/L,0,260,260,0.5,0,0,PHENYLPROPANE-1 (N-PROPYLBENZE,NORRIS CANYON PROPERTY OWNERS ASSN,ALAMEDA,C,Community,C,Community,A,ACTIVE,P,Private,GW,Groundwater,50,NA,NA,50,NA,19,NA,NA,NA,19,SC,Small Community,12/12/2017,CASTRO VALLEY,NA,#N/A,D1,Distribution Operator Level 1
103040,2017-08-14,1333,1644,2017-08-22,2017-09-05,E524.2,A,S,77226,NA,0,"1,3,5-TRIMETHYLBENZENE",MESITYLENE,NA,NL,UB,UG/L,0,330,330,0.5,0,0,"TRIMETHYLBENZENE-1,3,5",NORRIS CANYON PROPERTY OWNERS ASSN,ALAMEDA,C,Community,C,Community,A,ACTIVE,P,Private,GW,Groundwater,50,NA,NA,50,NA,19,NA,NA,NA,19,SC,Small Community,12/12/2017,CASTRO VALLEY,NA,#N/A,D1,Distribution Operator Level 1
103040,2017-08-14,1333,1644,2017-08-22,2017-09-05,E524.2,A,S,77350,NA,0,SEC-BUTYLBENZENE,NA,NA,NL,UB,UG/L,0,260,0.5,0.5,0,0,SEC-BUTYLBENZENE,NORRIS CANYON PROPERTY OWNERS ASSN,ALAMEDA,C,Community,C,Community,A,ACTIVE,P,Private,GW,Groundwater,50,NA,NA,50,NA,19,NA,NA,NA,19,SC,Small Community,12/12/2017,CASTRO VALLEY,NA,#N/A,D1,Distribution Operator Level 1
103040,2017-08-14,1333,1644,2017-08-22,2017-09-05,E524.2,A,S,77353,NA,0,TERT-BUTYLBENZENE,NA,NA,NL,UB,UG/L,0,260,0.5,0.5,0,0,TERT-BUTYLBENZENE,NORRIS CANYON PROPERTY OWNERS ASSN,ALAMEDA,C,Community,C,Community,A,ACTIVE,P,Private,GW,Groundwater,50,NA,NA,50,NA,19,NA,NA,NA,19,SC,Small Community,12/12/2017,CASTRO VALLEY,NA,#N/A,D1,Distribution Operator Level 1
103040,2017-08-14,1333,1644,2017-08-22,2017-09-05,E524.3,A,S,7744X,NA,0,"1,2,3-TRICHLOROPROPANE","1,2,3-TCP",NA,P,UA,UG/L,0.005,0,0.005,0.005,0,0,"TRICHLOROPROPANE-1,2,3",NORRIS CANYON PROPERTY OWNERS ASSN,ALAMEDA,C,Community,C,Community,A,ACTIVE,P,Private,GW,Groundwater,50,NA,NA,50,NA,19,NA,NA,NA,19,SC,Small Community,12/12/2017,CASTRO VALLEY,NA,#N/A,D1,Distribution Operator Level 1
103040,2017-08-14,1333,1644,2017-08-22,2017-09-05,E524.2,A,S,77562,NA,0,"1,1,1,2-TETRACHLOROETHANE",NA,NA,P,UA,UG/L,0,0,0.5,0.5,0,0,"TETRACHLOROETHANE-1,1,1,2",NORRIS CANYON PROPERTY OWNERS ASSN,ALAMEDA,C,Community,C,Community,A,ACTIVE,P,Private,GW,Groundwater,50,NA,NA,50,NA,19,NA,NA,NA,19,SC,Small Community,12/12/2017,CASTRO VALLEY,NA,#N/A,D1,Distribution Operator Level 1
103040,2017-08-14,1333,1644,2017-08-22,2017-09-05,E524.2,A,S,77596,NA,0,DIBROMOMETHANE,NA,NA,P,UA,UG/L,0,0,0.5,0.5,0,0,DIBROMOMETHANE,NORRIS CANYON PROPERTY OWNERS ASSN,ALAMEDA,C,Community,C,Community,A,ACTIVE,P,Private,GW,Groundwater,50,NA,NA,50,NA,19,NA,NA,NA,19,SC,Small Community,12/12/2017,CASTRO VALLEY,NA,#N/A,D1,Distribution Operator Level 1
103040,2017-08-14,1333,1644,2017-08-22,2017-09-05,E524.2,A,S,77613,NA,0,"1,2,3-TRICHLOROBENZENE",NA,NA,P,UB,UG/L,0,0,0.5,0.5,0,0,"TRICHLOROBENZENE-1,2,3",NORRIS CANYON PROPERTY OWNERS ASSN,ALAMEDA,C,Community,C,Community,A,ACTIVE,P,Private,GW,Groundwater,50,NA,NA,50,NA,19,NA,NA,NA,19,SC,Small Community,12/12/2017,CASTRO VALLEY,NA,#N/A,D1,Distribution Operator Level 1
103040,2017-08-14,1333,1644,2017-08-22,2017-09-05,E524.3,A,S,77651,NA,0,ETHYLENE DIBROMIDE (EDB),EDB,"1,2-DIBROMOETHANE",A,S2,UG/L,0.05,0,0.02,0.02,0,0,ETHYLENE DIBROMIDE (EDB),NORRIS CANYON PROPERTY OWNERS ASSN,ALAMEDA,C,Community,C,Community,A,ACTIVE,P,Private,GW,Groundwater,50,NA,NA,50,NA,19,NA,NA,NA,19,SC,Small Community,12/12/2017,CASTRO VALLEY,NA,#N/A,D1,Distribution Operator Level 1
103040,2017-08-14,1333,1644,2017-08-24,2017-09-05,E531.1,A,S,77700,NA,0,CARBARYL,SEVIN,NA,A,UC,UG/L,0,0,700,5,0,0,CARBARYL,NORRIS CANYON PROPERTY OWNERS ASSN,ALAMEDA,C,Community,C,Community,A,ACTIVE,P,Private,GW,Groundwater,50,NA,NA,50,NA,19,NA,NA,NA,19,SC,Small Community,12/12/2017,CASTRO VALLEY,NA,#N/A,D1,Distribution Operator Level 1
103040,2017-08-14,1333,1644,2017-08-24,2017-09-05,E525.2,A,S,77825,NA,0,ALACHLOR,ALANEX,NA,A,S2,UG/L,2,0,1,1,4,0,ALACHLOR,NORRIS CANYON PROPERTY OWNERS ASSN,ALAMEDA,C,Community,C,Community,A,ACTIVE,P,Private,GW,Groundwater,50,NA,NA,50,NA,19,NA,NA,NA,19,SC,Small Community,12/12/2017,CASTRO VALLEY,NA,#N/A,D1,Distribution Operator Level 1
103040,2017-08-14,1333,1644,2017-08-24,2017-09-05,E549.2,A,S,78885,NA,0,DIQUAT,REGLONE,NA,A,S2,UG/L,20,0,4,4,6,15,DIQUAT,NORRIS CANYON PROPERTY OWNERS ASSN,ALAMEDA,C,Community,C,Community,A,ACTIVE,P,Private,GW,Groundwater,50,NA,NA,50,NA,19,NA,NA,NA,19,SC,Small Community,12/12/2017,CASTRO VALLEY,NA,#N/A,D1,Distribution Operator Level 1
103040,2017-08-14,1333,1644,2017-08-24,2017-09-05,E547,A,S,79743,NA,0,GLYPHOSATE,NA,NA,A,S2,UG/L,700,0,25,25,900,700,GLYPHOSATE,NORRIS CANYON PROPERTY OWNERS ASSN,ALAMEDA,C,Community,C,Community,A,ACTIVE,P,Private,GW,Groundwater,50,NA,NA,50,NA,19,NA,NA,NA,19,SC,Small Community,12/12/2017,CASTRO VALLEY,NA,#N/A,D1,Distribution Operator Level 1
103040,2017-08-14,1333,1644,2017-08-24,2017-09-05,E515.3,A,S,81287,NA,0,DINOSEB,DNBP,BASANITE,A,S2,UG/L,7,0,2,2,14,0,DINOSEB,NORRIS CANYON PROPERTY OWNERS ASSN,ALAMEDA,C,Community,C,Community,A,ACTIVE,P,Private,GW,Groundwater,50,NA,NA,50,NA,19,NA,NA,NA,19,SC,Small Community,12/12/2017,CASTRO VALLEY,NA,#N/A,D1,Distribution Operator Level 1
103040,2017-08-14,1333,1644,2017-08-24,2017-09-05,E531.1,A,S,81405,NA,0,CARBOFURAN,FURADAN,NA,A,S2,UG/L,18,0,5,5,0,18,CARBOFURAN,NORRIS CANYON PROPERTY OWNERS ASSN,ALAMEDA,C,Community,C,Community,A,ACTIVE,P,Private,GW,Groundwater,50,NA,NA,50,NA,19,NA,NA,NA,19,SC,Small Community,12/12/2017,CASTRO VALLEY,NA,#N/A,D1,Distribution Operator Level 1
103040,2017-08-14,1333,1644,2017-08-22,2017-09-05,E524.2,A,S,81551,NA,0,XYLENES (TOTAL),TOTAL XYLENES,NA,P,S1,UG/L,1750,0,1750,0.5,1800,0,XYLENES (TOTAL),NORRIS CANYON PROPERTY OWNERS ASSN,ALAMEDA,C,Community,C,Community,A,ACTIVE,P,Private,GW,Groundwater,50,NA,NA,50,NA,19,NA,NA,NA,19,SC,Small Community,12/12/2017,CASTRO VALLEY,NA,#N/A,D1,Distribution Operator Level 1
103040,2017-08-14,1333,1644,2017-08-22,2017-09-05,E524.2,A,S,81552,NA,0,ACETONE,NA,NA,B,XX,UG/L,0,0,0,0,0,0,ACETONE,NORRIS CANYON PROPERTY OWNERS ASSN,ALAMEDA,C,Community,C,Community,A,ACTIVE,P,Private,GW,Groundwater,50,NA,NA,50,NA,19,NA,NA,NA,19,SC,Small Community,12/12/2017,CASTRO VALLEY,NA,#N/A,D1,Distribution Operator Level 1
103040,2017-08-14,1333,1644,2017-08-22,2017-09-05,E524.2,A,S,81555,NA,0,BROMOBENZENE,NA,NA,P,UA,UG/L,0,0,0.5,0.5,0,0,BROMOBENZENE,NORRIS CANYON PROPERTY OWNERS ASSN,ALAMEDA,C,Community,C,Community,A,ACTIVE,P,Private,GW,Groundwater,50,NA,NA,50,NA,19,NA,NA,NA,19,SC,Small Community,12/12/2017,CASTRO VALLEY,NA,#N/A,D1,Distribution Operator Level 1
103040,2017-08-14,1333,1644,2017-08-22,2017-09-05,E524.2,A,S,81595,NA,0,METHYL ETHYL KETONE,MEK,BUTANONE,P,XX,UG/L,0,0,0,5,0,0,METHYL ETHYL KETONE,NORRIS CANYON PROPERTY OWNERS ASSN,ALAMEDA,C,Community,C,Community,A,ACTIVE,P,Private,GW,Groundwater,50,NA,NA,50,NA,19,NA,NA,NA,19,SC,Small Community,12/12/2017,CASTRO VALLEY,NA,#N/A,D1,Distribution Operator Level 1
103040,2017-08-14,1333,1644,2017-08-22,2017-09-05,E524.2,A,S,81596,NA,0,METHYL ISOBUTYL KETONE,MIBK,NA,NL,XX,UG/L,0,120,120,5,0,0,METHYL ISOBUTYL KETONE,NORRIS CANYON PROPERTY OWNERS ASSN,ALAMEDA,C,Community,C,Community,A,ACTIVE,P,Private,GW,Groundwater,50,NA,NA,50,NA,19,NA,NA,NA,19,SC,Small Community,12/12/2017,CASTRO VALLEY,NA,#N/A,D1,Distribution Operator Level 1
103040,2017-08-14,1333,1644,2017-08-22,2017-09-05,E524.2,A,S,81611,NA,0,"1,1,2-TRICHLORO-1,2,2-TRIFLUOROETHANE",FREON 113,TRICHLOROTRIFLUOROETHANE,P,S1,UG/L,1200,0,10,10,4000,1200,"TRICHLOROTRIFLUOROETHANE-1,1,2",NORRIS CANYON PROPERTY OWNERS ASSN,ALAMEDA,C,Community,C,Community,A,ACTIVE,P,Private,GW,Groundwater,50,NA,NA,50,NA,19,NA,NA,NA,19,SC,Small Community,12/12/2017,CASTRO VALLEY,NA,#N/A,D1,Distribution Operator Level 1
103040,2017-08-14,1333,1644,2017-08-24,2017-09-05,E531.1,A,S,82052,NA,0,DICAMBA,BANVEL,NA,A,UC,UG/L,0,0,0,1.5,0,0,DICAMBA,NORRIS CANYON PROPERTY OWNERS ASSN,ALAMEDA,C,Community,C,Community,A,ACTIVE,P,Private,GW,Groundwater,50,NA,NA,50,NA,19,NA,NA,NA,19,SC,Small Community,12/12/2017,CASTRO VALLEY,NA,#N/A,D1,Distribution Operator Level 1
103040,2017-08-14,1333,1644,2017-08-24,2017-09-05,E525.2,A,S,82199,NA,0,MOLINATE,ORDRAM,HYDRAM,A,S2,UG/L,20,0,2,2,1,20,MOLINATE,NORRIS CANYON PROPERTY OWNERS ASSN,ALAMEDA,C,Community,C,Community,A,ACTIVE,P,Private,GW,Groundwater,50,NA,NA,50,NA,19,NA,NA,NA,19,SC,Small Community,12/12/2017,CASTRO VALLEY,NA,#N/A,D1,Distribution Operator Level 1
103040,2017-08-14,1333,1644,2017-08-17,2017-09-05,E549.2,A,S,82416,NA,0,PARAQUAT,NA,NA,A,SS,UG/L,0,0,0,20,0,0,PARAQUAT,NORRIS CANYON PROPERTY OWNERS ASSN,ALAMEDA,C,Community,C,Community,A,ACTIVE,P,Private,GW,Groundwater,50,NA,NA,50,NA,19,NA,NA,NA,19,SC,Small Community,12/12/2017,CASTRO VALLEY,NA,#N/A,D1,Distribution Operator Level 1
103040,2017-08-14,1333,1644,2017-08-24,2017-09-05,E525.2,A,S,A-001,NA,0,THIOBENCARB,BOLERO,BENTHIOCARB,A,S2,UG/L,70,0,1,1,4,70,THIOBENCARB,NORRIS CANYON PROPERTY OWNERS ASSN,ALAMEDA,C,Community,C,Community,A,ACTIVE,P,Private,GW,Groundwater,50,NA,NA,50,NA,19,NA,NA,NA,19,SC,Small Community,12/12/2017,CASTRO VALLEY,NA,#N/A,D1,Distribution Operator Level 1
103040,2017-08-14,1333,1644,2017-08-22,2017-09-05,E524.2,A,S,A-008,NA,0,2-CHLOROTOLUENE,NA,NA,NL,UA,UG/L,0,0.5,140,0.5,0,0,CHLOROTOLUENE-2,NORRIS CANYON PROPERTY OWNERS ASSN,ALAMEDA,C,Community,C,Community,A,ACTIVE,P,Private,GW,Groundwater,50,NA,NA,50,NA,19,NA,NA,NA,19,SC,Small Community,12/12/2017,CASTRO VALLEY,NA,#N/A,D1,Distribution Operator Level 1
103040,2017-08-14,1333,1644,2017-08-22,2017-09-05,E524.2,A,S,A-009,NA,0,4-CHLOROTOLUENE,NA,NA,NL,UA,UG/L,0,0.5,140,0,0,0,CHLOROTOLUENE-4,NORRIS CANYON PROPERTY OWNERS ASSN,ALAMEDA,C,Community,C,Community,A,ACTIVE,P,Private,GW,Groundwater,50,NA,NA,50,NA,19,NA,NA,NA,19,SC,Small Community,12/12/2017,CASTRO VALLEY,NA,#N/A,D1,Distribution Operator Level 1
103040,2017-08-14,1333,1644,2017-08-22,2017-09-05,E524.2,A,S,A-011,NA,0,P-ISOPROPYLTOLUENE,NA,NA,P,UB,UG/L,0,0,0,0,0,0,P-ISOPROPYLTOLUENE,NORRIS CANYON PROPERTY OWNERS ASSN,ALAMEDA,C,Community,C,Community,A,ACTIVE,P,Private,GW,Groundwater,50,NA,NA,50,NA,19,NA,NA,NA,19,SC,Small Community,12/12/2017,CASTRO VALLEY,NA,#N/A,D1,Distribution Operator Level 1
103040,2017-08-14,1333,1644,2017-08-22,2017-09-05,E524.2,A,S,A-012,NA,0,BROMOCHLOROMETHANE,NA,NA,P,UB,UG/L,0,0,0.5,0.5,0,0,BROMOCHLOROMETHANE,NORRIS CANYON PROPERTY OWNERS ASSN,ALAMEDA,C,Community,C,Community,A,ACTIVE,P,Private,GW,Groundwater,50,NA,NA,50,NA,19,NA,NA,NA,19,SC,Small Community,12/12/2017,CASTRO VALLEY,NA,#N/A,D1,Distribution Operator Level 1
103040,2017-08-14,1333,1644,2017-08-24,2017-09-05,E531.1,A,S,A-019,NA,0,ALDICARB SULFOXIDE,NA,NA,A,UC,UG/L,0,0,3,3,0,0,ALDICARB SULFOXIDE,NORRIS CANYON PROPERTY OWNERS ASSN,ALAMEDA,C,Community,C,Community,A,ACTIVE,P,Private,GW,Groundwater,50,NA,NA,50,NA,19,NA,NA,NA,19,SC,Small Community,12/12/2017,CASTRO VALLEY,NA,#N/A,D1,Distribution Operator Level 1
103040,2017-08-14,1333,1644,2017-08-24,2017-09-05,E531.1,A,S,A-020,NA,0,ALDICARB SULFONE,STANDAK,ALDOXYCARB,A,UC,UG/L,0,0,4,4,0,0,ALDICARB SULFONE,NORRIS CANYON PROPERTY OWNERS ASSN,ALAMEDA,C,Community,C,Community,A,ACTIVE,P,Private,GW,Groundwater,50,NA,NA,50,NA,19,NA,NA,NA,19,SC,Small Community,12/12/2017,CASTRO VALLEY,NA,#N/A,D1,Distribution Operator Level 1
103040,2017-08-14,1333,1644,2017-08-24,2017-09-05,E531.1,A,S,A-021,NA,0,3-HYDROXYCARBOFURAN,3-HYDROXY CARBOFURAN,NA,A,UC,UG/L,0,0,3,3,0,0,HYDROXYCARBOFURAN-3,NORRIS CANYON PROPERTY OWNERS ASSN,ALAMEDA,C,Community,C,Community,A,ACTIVE,P,Private,GW,Groundwater,50,NA,NA,50,NA,19,NA,NA,NA,19,SC,Small Community,12/12/2017,CASTRO VALLEY,NA,#N/A,D1,Distribution Operator Level 1
103040,2017-08-14,1333,1644,2017-08-24,2017-09-05,E525.2,A,S,A-026,NA,0,DI(2-ETHYLHEXYL)ADIPATE,DI(ETHYLHEXYL)ADIPATE,NA,B,S2,UG/L,400,0,5,5,200,0,DI(2-ETHYLHEXYL)ADIPATE,NORRIS CANYON PROPERTY OWNERS ASSN,ALAMEDA,C,Community,C,Community,A,ACTIVE,P,Private,GW,Groundwater,50,NA,NA,50,NA,19,NA,NA,NA,19,SC,Small Community,12/12/2017,CASTRO VALLEY,NA,#N/A,D1,Distribution Operator Level 1
103040,2017-08-14,1333,1644,2017-08-22,2017-09-05,E524.2,A,S,A-033,NA,0,ETHYL-TERT-BUTYL ETHER,ETBE,NA,P,XX,UG/L,0,0,0,3,0,0,ETHYL-TERT-BUTYL ETHER,NORRIS CANYON PROPERTY OWNERS ASSN,ALAMEDA,C,Community,C,Community,A,ACTIVE,P,Private,GW,Groundwater,50,NA,NA,50,NA,19,NA,NA,NA,19,SC,Small Community,12/12/2017,CASTRO VALLEY,NA,#N/A,D1,Distribution Operator Level 1
103040,2017-08-14,1333,1644,2017-08-22,2017-09-05,E524.2,A,S,A-034,NA,0,TERT-AMYL-METHYL ETHER,TAME,NA,P,XX,UG/L,0,0,0,3,0,0,TERT-AMYL-METHYL ETHER,NORRIS CANYON PROPERTY OWNERS ASSN,ALAMEDA,C,Community,C,Community,A,ACTIVE,P,Private,GW,Groundwater,50,NA,NA,50,NA,19,NA,NA,NA,19,SC,Small Community,12/12/2017,CASTRO VALLEY,NA,#N/A,D1,Distribution Operator Level 1
103040,2017-08-14,1333,1644,2017-08-22,2017-09-05,E524.2,A,S,A-036,NA,0,DIISOPROPYL ETHER,DIPE,NA,P,XX,UG/L,0,0,0,3,0,0,DIISOPROPYL ETHER,NORRIS CANYON PROPERTY OWNERS ASSN,ALAMEDA,C,Community,C,Community,A,ACTIVE,P,Private,GW,Groundwater,50,NA,NA,50,NA,19,NA,NA,NA,19,SC,Small Community,12/12/2017,CASTRO VALLEY,NA,#N/A,D1,Distribution Operator Level 1
103040,2017-08-14,1333,1644,2017-08-24,2017-09-05,E531.1,A,S,A-045,NA,0,DCPA (TOTAL DI & MONO ACID DEGRADATES),NA,NA,A,XX,UG/L,0,0,0,0,0,0,DCPA (TTL DI & MONO ACID DEGR),NORRIS CANYON PROPERTY OWNERS ASSN,ALAMEDA,C,Community,C,Community,A,ACTIVE,P,Private,GW,Groundwater,50,NA,NA,50,NA,19,NA,NA,NA,19,SC,Small Community,12/12/2017,CASTRO VALLEY,NA,#N/A,D1,Distribution Operator Level 1
103040,2018-03-12,1331,2416,2018-03-17,2018-03-21,SRL524,A,S,77443,NA,0,"1,2,3-TRICHLOROPROPANE","1,2,3-TCP",NA,P,S2,UG/L,0.005,0,0.005,0.005,0,0,"TRICHLOROPROPANE-1,2,3",NORRIS CANYON PROPERTY OWNERS ASSN,ALAMEDA,C,Community,C,Community,A,ACTIVE,P,Private,GW,Groundwater,50,NA,NA,50,NA,19,NA,NA,NA,19,SC,Small Community,12/12/2017,CASTRO VALLEY,NA,#N/A,D1,Distribution Operator Level 1
103040,2018-06-06,1243,2416,2018-06-09,2018-06-10,SRL524,A,S,77443,NA,0,"1,2,3-TRICHLOROPROPANE","1,2,3-TCP",NA,P,S2,UG/L,0.005,0,0.005,0.005,0,0,"TRICHLOROPROPANE-1,2,3",NORRIS CANYON PROPERTY OWNERS ASSN,ALAMEDA,C,Community,C,Community,A,ACTIVE,P,Private,GW,Groundwater,50,NA,NA,50,NA,19,NA,NA,NA,19,SC,Small Community,12/12/2017,CASTRO VALLEY,NA,#N/A,D1,Distribution Operator Level 1
103040,2018-06-06,1245,1675,2018-06-06,2018-06-13,E300.0,A,S,00618,NA,4,NITRATE (AS N),NA,NA,T,NI,MG/L,10,0,5,0.4,10,10,NITRATE (AS N),NORRIS CANYON PROPERTY OWNERS ASSN,ALAMEDA,C,Community,C,Community,A,ACTIVE,P,Private,GW,Groundwater,50,NA,NA,50,NA,19,NA,NA,NA,19,SC,Small Community,12/12/2017,CASTRO VALLEY,NA,#N/A,D1,Distribution Operator Level 1
103040,2018-09-26,1210,5060,2018-09-26,2018-10-24,SRL524,A,S,77443,<,0.005,"1,2,3-TRICHLOROPROPANE","1,2,3-TCP",NA,P,S2,UG/L,0.005,0,0.005,0.005,0,0,"TRICHLOROPROPANE-1,2,3",NORRIS CANYON PROPERTY OWNERS ASSN,ALAMEDA,C,Community,C,Community,A,ACTIVE,P,Private,GW,Groundwater,50,NA,NA,50,NA,19,NA,NA,NA,19,SC,Small Community,12/12/2017,CASTRO VALLEY,NA,#N/A,D1,Distribution Operator Level 1
103040,2019-06-18,1006,1675,2019-06-18,2019-06-21,E300.0,A,S,00618,NA,3.8,NITRATE (AS N),NA,NA,T,NI,MG/L,10,0,5,0.4,10,10,NITRATE (AS N),NORRIS CANYON PROPERTY OWNERS ASSN,ALAMEDA,C,Community,C,Community,A,ACTIVE,P,Private,GW,Groundwater,50,NA,NA,50,NA,19,NA,NA,NA,19,SC,Small Community,12/12/2017,CASTRO VALLEY,NA,#N/A,D1,Distribution Operator Level 1
